Workbook

Sheet OLTP Tables
A1: Input: OLTP Tables | C1: Output: DWH Used Tables
A2: SchemaName | B2: TableName | C2: Table Abbrev. | D2: IsUsed in DWH
A3: HumanResources | B3: Employee | C3: em. | D3: =COUNTIF('DWH Tables Metadata'!$B$5:$B$99,B3)>0 -> TRUE | E3: =IF(D3=TRUE,"Used","Not Used") -> Used
A4: Person | B4: AddressType | D4: =COUNTIF('DWH Tables Metadata'!$B$5:$B$99,B4)>0 -> FALSE | E4: =IF(D4=TRUE,"Used","Not Used") -> Not Used
A5: Person | B5: BusinessEntity | D5: =COUNTIF('DWH Tables Metadata'!$B$5:$B$99,B5)>0 -> FALSE | E5: =IF(D5=TRUE,"Used","Not Used") -> Not Used
A6: Person | B6: Address | C6: ad. | D6: =COUNTIF('DWH Tables Metadata'!$B$5:$B$99,B6)>0 -> TRUE | E6: =IF(D6=TRUE,"Used","Not Used") -> Used
A7: Person | B7: BusinessEntityAddress | D7: =COUNTIF('DWH Tables Metadata'!$B$5:$B$99,B7)>0 -> FALSE | E7: =IF(D7=TRUE,"Used","Not Used") -> Not Used
A8: Person | B8: StateProvince | C8: spr. | D8: =COUNTIF('DWH Tables Metadata'!$B$5:$B$99,B8)>0 -> TRUE | E8: =IF(D8=TRUE,"Used","Not Used") -> Used
A9: Person | B9: BusinessEntityContact | D9: =COUNTIF('DWH Tables Metadata'!$B$5:$B$99,B9)>0 -> FALSE | E9: =IF(D9=TRUE,"Used","Not Used") -> Not Used
A10: Person | B10: Person | C10: prs. | D10: =COUNTIF('DWH Tables Metadata'!$B$5:$B$99,B10)>0 -> TRUE | E10: =IF(D10=TRUE,"Used","Not Used") -> Used
A11: Person | B11: CountryRegion | C11: cr. | D11: =COUNTIF('DWH Tables Metadata'!$B$5:$B$99,B11)>0 -> TRUE | E11: =IF(D11=TRUE,"Used","Not Used") -> Used
A12: Production | B12: Location | D12: =COUNTIF('DWH Tables Metadata'!$B$5:$B$99,B12)>0 -> FALSE | E12: =IF(D12=TRUE,"Used","Not Used") -> Not Used
A13: Production | B13: ProductListPriceHistory | D13: =COUNTIF('DWH Tables Metadata'!$B$5:$B$99,B13)>0 -> FALSE | E13: =IF(D13=TRUE,"Used","Not Used") -> Not Used
A14: Production | B14: ProductModel | D14: =COUNTIF('DWH Tables Metadata'!$B$5:$B$99,B14)>0 -> FALSE | E14: =IF(D14=TRUE,"Used","Not Used") -> Not Used
A15: Production | B15: Product | C15: p. | D15: =COUNTIF('DWH Tables Metadata'!$B$5:$B$99,B15)>0 -> TRUE | E15: =IF(D15=TRUE,"Used","Not Used") -> Used
A16: Production | B16: ProductCategory | C16: pc. | D16: =COUNTIF('DWH Tables Metadata'!$B$5:$B$99,B16)>0 -> TRUE | E16: =IF(D16=TRUE,"Used","Not Used") -> Used
A17: Production | B17: ProductReview | D17: =COUNTIF('DWH Tables Metadata'!$B$5:$B$99,B17)>0 -> FALSE | E17: =IF(D17=TRUE,"Used","Not Used") -> Not Used
A18: Production | B18: ScrapReason | D18: =COUNTIF('DWH Tables Metadata'!$B$5:$B$99,B18)>0 -> FALSE | E18: =IF(D18=TRUE,"Used","Not Used") -> Not Used
A19: Production | B19: TransactionHistoryArchive | D19: =COUNTIF('DWH Tables Metadata'!$B$5:$B$99,B19)>0 -> FALSE | E19: =IF(D19=TRUE,"Used","Not Used") -> Not Used
A20: Production | B20: ProductSubcategory | C20: psc. | D20: =COUNTIF('DWH Tables Metadata'!$B$5:$B$99,B20)>0 -> TRUE | E20: =IF(D20=TRUE,"Used","Not Used") -> Used
A21: Production | B21: UnitMeasure | C21: pumW. | D21: =COUNTIF('DWH Tables Metadata'!$B$5:$B$99,B21)>0 -> TRUE | E21: =IF(D21=TRUE,"Used","Not Used") -> Used
A22: Production | B22: UnitMeasure | C22: pumS. | D22: =COUNTIF('DWH Tables Metadata'!$B$5:$B$99,B22)>0 -> TRUE | E22: =IF(D22=TRUE,"Used","Not Used") -> Used
A23: Purchasing | B23: ProductVendor | D23: =COUNTIF('DWH Tables Metadata'!$B$5:$B$99,B23)>0 -> FALSE | E23: =IF(D23=TRUE,"Used","Not Used") -> Not Used
A24: Purchasing | B24: PurchaseOrderDetail | D24: =COUNTIF('DWH Tables Metadata'!$B$5:$B$99,B24)>0 -> FALSE | E24: =IF(D24=TRUE,"Used","Not Used") -> Not Used
A25: Purchasing | B25: PurchaseOrderHeader | D25: =COUNTIF('DWH Tables Metadata'!$B$5:$B$99,B25)>0 -> FALSE | E25: =IF(D25=TRUE,"Used","Not Used") -> Not Used
A26: Purchasing | B26: Vendor | D26: =COUNTIF('DWH Tables Metadata'!$B$5:$B$99,B26)>0 -> FALSE | E26: =IF(D26=TRUE,"Used","Not Used") -> Not Used
A27: Sales | B27: CountryRegionCurrency | D27: =COUNTIF('DWH Tables Metadata'!$B$5:$B$99,B27)>0 -> FALSE | E27: =IF(D27=TRUE,"Used","Not Used") -> Not Used
A28: Sales | B28: SalesTerritory | C28: st. | D28: =COUNTIF('DWH Tables Metadata'!$B$5:$B$99,B28)>0 -> TRUE | E28: =IF(D28=TRUE,"Used","Not Used") -> Used
A29: Sales | B29: Currency | D29: =COUNTIF('DWH Tables Metadata'!$B$5:$B$99,B29)>0 -> FALSE | E29: =IF(D29=TRUE,"Used","Not Used") -> Not Used
A30: Sales | B30: CurrencyRate | D30: =COUNTIF('DWH Tables Metadata'!$B$5:$B$99,B30)>0 -> FALSE | E30: =IF(D30=TRUE,"Used","Not Used") -> Not Used
A31: Sales | B31: SalesTaxRate | D31: =COUNTIF('DWH Tables Metadata'!$B$5:$B$99,B31)>0 -> FALSE | E31: =IF(D31=TRUE,"Used","Not Used") -> Not Used
A32: Sales | B32: SalesTerritoryHistory | D32: =COUNTIF('DWH Tables Metadata'!$B$5:$B$99,B32)>0 -> FALSE | E32: =IF(D32=TRUE,"Used","Not Used") -> Not Used
A33: Sales | B33: Store | C33: s. | D33: =COUNTIF('DWH Tables Metadata'!$B$5:$B$99,B33)>0 -> TRUE | E33: =IF(D33=TRUE,"Used","Not Used") -> Used
A34: Sales | B34: Customer | C34: c. | D34: =COUNTIF('DWH Tables Metadata'!$B$5:$B$99,B34)>0 -> TRUE | E34: =IF(D34=TRUE,"Used","Not Used") -> Used
A35: Sales | B35: SalesOrderDetail | C35: sod. | D35: =COUNTIF('DWH Tables Metadata'!$B$5:$B$99,B35)>0 -> TRUE | E35: =IF(D35=TRUE,"Used","Not Used") -> Used
A36: Sales | B36: SalesOrderHeader | C36: soh. | D36: =COUNTIF('DWH Tables Metadata'!$B$5:$B$99,B36)>0 -> TRUE | E36: =IF(D36=TRUE,"Used","Not Used") -> Used
A37: Sales | B37: SalesPerson | C37: sp. | D37: =COUNTIF('DWH Tables Metadata'!$B$5:$B$99,B37)>0 -> TRUE | E37: =IF(D37=TRUE,"Used","Not Used") -> Used
A38: Sales | B38: SpecialOffer | D38: =COUNTIF('DWH Tables Metadata'!$B$5:$B$99,B38)>0 -> FALSE | E38: =IF(D38=TRUE,"Used","Not Used") -> Not Used
A39: Sales | B39: SpecialOfferProduct | D39: =COUNTIF('DWH Tables Metadata'!$B$5:$B$99,B39)>0 -> FALSE | E39: =IF(D39=TRUE,"Used","Not Used") -> Not Used
G41: HumanResources | H41: Employee | I41: =VLOOKUP(H41,$B$4:$B$37,1,FALSE) -> #N/A
G42: Person | H42: Address | I42: =VLOOKUP(H42,$B$4:$B$37,1,FALSE) -> Address
G43: Person | H43: StateProvince | I43: =VLOOKUP(H43,$B$4:$B$37,1,FALSE) -> StateProvince
G44: Person | H44: CountryRegion | I44: =VLOOKUP(H44,$B$4:$B$37,1,FALSE) -> CountryRegion
G45: Production | H45: ProductSubcategory | I45: =VLOOKUP(H45,$B$4:$B$37,1,FALSE) -> ProductSubcategory
G46: Production | H46: UnitMeasure | I46: =VLOOKUP(H46,$B$4:$B$37,1,FALSE) -> UnitMeasure
G47: Production | H47: Product | I47: =VLOOKUP(H47,$B$4:$B$37,1,FALSE) -> Product
G48: Production | H48: ProductCategory | I48: =VLOOKUP(H48,$B$4:$B$37,1,FALSE) -> ProductCategory
G49: Sales | H49: Store | I49: =VLOOKUP(H49,$B$4:$B$37,1,FALSE) -> Store
G50: Sales | H50: Customer | I50: =VLOOKUP(H50,$B$4:$B$37,1,FALSE) -> Customer
G51: Sales | H51: SalesOrderDetail | I51: =VLOOKUP(H51,$B$4:$B$37,1,FALSE) -> SalesOrderDetail
G52: Sales | H52: SalesOrderHeader | I52: =VLOOKUP(H52,$B$4:$B$37,1,FALSE) -> SalesOrderHeader
... G54: Sales | H54: SalesTerritory | I54: =VLOOKUP(H54,$B$4:$B$37,1,FALSE) -> SalesTerritory

Sheet DWH Tables Metadata
A1: Derived from OLTP Tables | C1: Input: DWH Tables | H1: Derived from DWH Tables | J1: Output
A3: OLTP Schema Name | B3: OLTP Table Name | C3: OLTP Table Abbr. | D3: OLTP ColumnName | E3: DWH AliasColumnName | G3: ColumnDescription | H3: Unique Used Tables | J3: Output Columns Declaration Expression | K3: Output Table Declaration Expression
A4: DimAddress | C4: DimAddress | H4: DimAddress | J4: DimAddress
A5: =INDEX('OLTP Tables'!$A$3:$A$39,MATCH(SUBSTITUTE('DWH Tables Metadata'!C5,",",""),'OLTP Tables'!$C$3:$C$39,0)) -> Person | B5: =INDEX('OLTP Tables'!$B$3:$B$39,MATCH(SUBSTITUTE('DWH Tables Metadata'!C5,",",""),'OLTP Tables'!$C$3:$C$39,0)) -> Address | C5: ad. | D5: AddressID | E5: AS | F5: AddressID | H5: {=_xlfn.UNIQUE(A5:B18)} -> Person | I5: Address | J5: =_xlfn.CONCAT( "('",B5,"','",D5,"',","'",F5,"','",G5,"')") -> ('Address','AddressID','AddressID','') | K5: =_xlfn.CONCAT( "('",H5,"','",I5,"')") -> ('Person','Address')
A6: =INDEX('OLTP Tables'!$A$3:$A$39,MATCH(SUBSTITUTE('DWH Tables Metadata'!C6,",",""),'OLTP Tables'!$C$3:$C$39,0)) -> Person | B6: =INDEX('OLTP Tables'!$B$3:$B$39,MATCH(SUBSTITUTE('DWH Tables Metadata'!C6,",",""),'OLTP Tables'!$C$3:$C$39,0)) -> StateProvince | C6: ,spr. | D6: StateProvinceID | E6: AS | F6: StateProvinceID | H6: Person | I6: StateProvince | J6: =_xlfn.CONCAT( ",('",B6,"','",D6,"',","'",F6,"','",G6,"')") -> ,('StateProvince','StateProvinceID','StateProvinceID','') | K6: =_xlfn.CONCAT( ",('",H6,"','",I6,"')") -> ,('Person','StateProvince')
A7: =INDEX('OLTP Tables'!$A$3:$A$39,MATCH(SUBSTITUTE('DWH Tables Metadata'!C7,",",""),'OLTP Tables'!$C$3:$C$39,0)) -> Person | B7: =INDEX('OLTP Tables'!$B$3:$B$39,MATCH(SUBSTITUTE('DWH Tables Metadata'!C7,",",""),'OLTP Tables'!$C$3:$C$39,0)) -> StateProvince | C7: ,spr. | D7: TerritoryID | E7: AS | F7: TerritoryID | H7: Sales | I7: SalesTerritory | J7: =_xlfn.CONCAT( ",('",B7,"','",D7,"',","'",F7,"','",G7,"')") -> ,('StateProvince','TerritoryID','TerritoryID','') | K7: =_xlfn.CONCAT( ",('",H7,"','",I7,"')") -> ,('Sales','SalesTerritory')
A8: =INDEX('OLTP Tables'!$A$3:$A$39,MATCH(SUBSTITUTE('DWH Tables Metadata'!C8,",",""),'OLTP Tables'!$C$3:$C$39,0)) -> Person | B8: =INDEX('OLTP Tables'!$B$3:$B$39,MATCH(SUBSTITUTE('DWH Tables Metadata'!C8,",",""),'OLTP Tables'!$C$3:$C$39,0)) -> Address | C8: ,ad. | D8: AddressLine1 | E8: AS | F8: AddressLine | H8: Person | I8: CountryRegion | J8: =_xlfn.CONCAT( ",('",B8,"','",D8,"',","'",F8,"','",G8,"')") -> ,('Address','AddressLine1','AddressLine','') | K8: =_xlfn.CONCAT( ",('",H8,"','",I8,"')") -> ,('Person','CountryRegion')
A9: =INDEX('OLTP Tables'!$A$3:$A$39,MATCH(SUBSTITUTE('DWH Tables Metadata'!C9,",",""),'OLTP Tables'!$C$3:$C$39,0)) -> Person | B9: =INDEX('OLTP Tables'!$B$3:$B$39,MATCH(SUBSTITUTE('DWH Tables Metadata'!C9,",",""),'OLTP Tables'!$C$3:$C$39,0)) -> Address | C9: ,ad. | D9: City | E9: AS | F9: City | J9: =_xlfn.CONCAT( ",('",B9,"','",D9,"',","'",F9,"','",G9,"')") -> ,('Address','City','City','')
A10: =INDEX('OLTP Tables'!$A$3:$A$39,MATCH(SUBSTITUTE('DWH Tables Metadata'!C10,",",""),'OLTP Tables'!$C$3:$C$39,0)) -> Person | B10: =INDEX('OLTP Tables'!$B$3:$B$39,MATCH(SUBSTITUTE('DWH Tables Metadata'!C10,",",""),'OLTP Tables'!$C$3:$C$39,0)) -> Address | C10: ,ad. | D10: PostalCode | E10: AS | F10: PostalCode | J10: =_xlfn.CONCAT( ",('",B10,"','",D10,"',","'",F10,"','",G10,"')") -> ,('Address','PostalCode','PostalCode','')
A11: =INDEX('OLTP Tables'!$A$3:$A$39,MATCH(SUBSTITUTE('DWH Tables Metadata'!C11,",",""),'OLTP Tables'!$C$3:$C$39,0)) -> Person | B11: =INDEX('OLTP Tables'!$B$3:$B$39,MATCH(SUBSTITUTE('DWH Tables Metadata'!C11,",",""),'OLTP Tables'!$C$3:$C$39,0)) -> StateProvince | C11: ,spr. | D11: Name | E11: AS | F11: StateProvinceName | J11: =_xlfn.CONCAT( ",('",B11,"','",D11,"',","'",F11,"','",G11,"')") -> ,('StateProvince','Name','StateProvinceName','')
A12: =INDEX('OLTP Tables'!$A$3:$A$39,MATCH(SUBSTITUTE('DWH Tables Metadata'!C12,",",""),'OLTP Tables'!$C$3:$C$39,0)) -> Person | B12: =INDEX('OLTP Tables'!$B$3:$B$39,MATCH(SUBSTITUTE('DWH Tables Metadata'!C12,",",""),'OLTP Tables'!$C$3:$C$39,0)) -> StateProvince | C12: ,spr. | D12: StateProvinceCode | E12: AS | F12: StateProvinceCode | J12: =_xlfn.CONCAT( ",('",B12,"','",D12,"',","'",F12,"','",G12,"')") -> ,('StateProvince','StateProvinceCode','StateProvinceCode','')
A13: =INDEX('OLTP Tables'!$A$3:$A$39,MATCH(SUBSTITUTE('DWH Tables Metadata'!C13,",",""),'OLTP Tables'!$C$3:$C$39,0)) -> Sales | B13: =INDEX('OLTP Tables'!$B$3:$B$39,MATCH(SUBSTITUTE('DWH Tables Metadata'!C13,",",""),'OLTP Tables'!$C$3:$C$39,0)) -> SalesTerritory | C13: ,st. | D13: Name | E13: AS | F13: TerritoryName | J13: =_xlfn.CONCAT( ",('",B13,"','",D13,"',","'",F13,"','",G13,"')") -> ,('SalesTerritory','Name','TerritoryName','')
A14: =INDEX('OLTP Tables'!$A$3:$A$39,MATCH(SUBSTITUTE('DWH Tables Metadata'!C14,",",""),'OLTP Tables'!$C$3:$C$39,0)) -> Person | B14: =INDEX('OLTP Tables'!$B$3:$B$39,MATCH(SUBSTITUTE('DWH Tables Metadata'!C14,",",""),'OLTP Tables'!$C$3:$C$39,0)) -> CountryRegion | C14: ,cr. | D14: Name | E14: AS | F14: CountryRegionName | J14: =_xlfn.CONCAT( ",('",B14,"','",D14,"',","'",F14,"','",G14,"')") -> ,('CountryRegion','Name','CountryRegionName','')
A15: =INDEX('OLTP Tables'!$A$3:$A$39,MATCH(SUBSTITUTE('DWH Tables Metadata'!C15,",",""),'OLTP Tables'!$C$3:$C$39,0)) -> Sales | B15: =INDEX('OLTP Tables'!$B$3:$B$39,MATCH(SUBSTITUTE('DWH Tables Metadata'!C15,",",""),'OLTP Tables'!$C$3:$C$39,0)) -> SalesTerritory | C15: ,st. | D15: CountryRegionCode | E15: AS | F15: CountryRegionCode | J15: =_xlfn.CONCAT( ",('",B15,"','",D15,"',","'",F15,"','",G15,"')") -> ,('SalesTerritory','CountryRegionCode','CountryRegionCode','')
A16: =INDEX('OLTP Tables'!$A$3:$A$39,MATCH(SUBSTITUTE('DWH Tables Metadata'!C16,",",""),'OLTP Tables'!$C$3:$C$39,0)) -> Sales | B16: =INDEX('OLTP Tables'!$B$3:$B$39,MATCH(SUBSTITUTE('DWH Tables Metadata'!C16,",",""),'OLTP Tables'!$C$3:$C$39,0)) -> SalesTerritory | C16: ,st. | D16: [Group] | E16: AS | F16: TerritoryGroup | J16: =_xlfn.CONCAT( ",('",B16,"','",D16,"',","'",F16,"','",G16,"')") -> ,('SalesTerritory','[Group]','TerritoryGroup','')
A17: =INDEX('OLTP Tables'!$A$3:$A$39,MATCH(SUBSTITUTE('DWH Tables Metadata'!C17,",",""),'OLTP Tables'!$C$3:$C$39,0)) -> Person | B17: =INDEX('OLTP Tables'!$B$3:$B$39,MATCH(SUBSTITUTE('DWH Tables Metadata'!C17,",",""),'OLTP Tables'!$C$3:$C$39,0)) -> Address | C17: ,ad. | D17: ValidityDate_Start | E17: AS | F17: ValidityDate_Start | J17: =_xlfn.CONCAT( ",('",B17,"','",D17,"',","'",F17,"','",G17,"')") -> ,('Address','ValidityDate_Start','ValidityDate_Start','')
A18: =INDEX('OLTP Tables'!$A$3:$A$39,MATCH(SUBSTITUTE('DWH Tables Metadata'!C18,",",""),'OLTP Tables'!$C$3:$C$39,0)) -> Person | B18: =INDEX('OLTP Tables'!$B$3:$B$39,MATCH(SUBSTITUTE('DWH Tables Metadata'!C18,",",""),'OLTP Tables'!$C$3:$C$39,0)) -> Address | C18: ,ad. | D18: ValidityDate_End | E18: AS | F18: ValidityDate_End | J18: =_xlfn.CONCAT( ",('",B18,"','",D18,"',","'",F18,"','",G18,"')") -> ,('Address','ValidityDate_End','ValidityDate_End','')
A19: DimCustomer | C19: DimCustomer | H19: DimCustomer | J19: DimCustomer
A20: =INDEX('OLTP Tables'!$A$3:$A$39,MATCH(SUBSTITUTE('DWH Tables Metadata'!C20,",",""),'OLTP Tables'!$C$3:$C$39,0)) -> Sales | B20: =INDEX('OLTP Tables'!$B$3:$B$39,MATCH(SUBSTITUTE('DWH Tables Metadata'!C20,",",""),'OLTP Tables'!$C$3:$C$39,0)) -> Customer | C20: c. | D20: CustomerID | E20: AS | F20: CustomerID | H20: {=_xlfn.UNIQUE(A20:B36)} -> Sales | I20: Customer | J20: =_xlfn.CONCAT( "('",B20,"','",D20,"',","'",F20,"','",G20,"')") -> ('Customer','CustomerID','CustomerID ','') | K20: =_xlfn.CONCAT( "('",H20,"','",I20,"')") -> ('Sales','Customer')
A21: =INDEX('OLTP Tables'!$A$3:$A$39,MATCH(SUBSTITUTE('DWH Tables Metadata'!C21,",",""),'OLTP Tables'!$C$3:$C$39,0)) -> Sales | B21: =INDEX('OLTP Tables'!$B$3:$B$39,MATCH(SUBSTITUTE('DWH Tables Metadata'!C21,",",""),'OLTP Tables'!$C$3:$C$39,0)) -> Customer | C21: ,c. | D21: PersonID | E21: AS | F21: CustomerPersonID | H21: Sales | I21: Store | J21: =_xlfn.CONCAT( ",('",B21,"','",D21,"',","'",F21,"','",G21,"')") -> ,('Customer','PersonID','CustomerPersonID','') | K21: =_xlfn.CONCAT( ",('",H21,"','",I21,"')") -> ,('Sales','Store')
A22: =INDEX('OLTP Tables'!$A$3:$A$39,MATCH(SUBSTITUTE('DWH Tables Metadata'!C22,",",""),'OLTP Tables'!$C$3:$C$39,0)) -> Sales | B22: =INDEX('OLTP Tables'!$B$3:$B$39,MATCH(SUBSTITUTE('DWH Tables Metadata'!C22,",",""),'OLTP Tables'!$C$3:$C$39,0)) -> Customer | C22: ,c. | D22: StoreID | E22: AS | F22: StoreID | H22: Person | I22: Person | J22: =_xlfn.CONCAT( ",('",B22,"','",D22,"',","'",F22,"','",G22,"')") -> ,('Customer','StoreID','StoreID','') | K22: =_xlfn.CONCAT( ",('",H22,"','",I22,"')") -> ,('Person','Person')
A23: =INDEX('OLTP Tables'!$A$3:$A$39,MATCH(SUBSTITUTE('DWH Tables Metadata'!C23,",",""),'OLTP Tables'!$C$3:$C$39,0)) -> Sales | B23: =INDEX('OLTP Tables'!$B$3:$B$39,MATCH(SUBSTITUTE('DWH Tables Metadata'!C23,",",""),'OLTP Tables'!$C$3:$C$39,0)) -> Store | C23: ,s. | D23: SalesPersonID | E23: AS | F23: SalesPersonID | H23: Sales | I23: SalesTerritory | J23: =_xlfn.CONCAT( ",('",B23,"','",D23,"',","'",F23,"','",G23,"')") -> ,('Store','SalesPersonID','SalesPersonID','') | K23: =_xlfn.CONCAT( ",('",H23,"','",I23,"')") -> ,('Sales','SalesTerritory')
A24: =INDEX('OLTP Tables'!$A$3:$A$39,MATCH(SUBSTITUTE('DWH Tables Metadata'!C24,",",""),'OLTP Tables'!$C$3:$C$39,0)) -> Sales | B24: =INDEX('OLTP Tables'!$B$3:$B$39,MATCH(SUBSTITUTE('DWH Tables Metadata'!C24,",",""),'OLTP Tables'!$C$3:$C$39,0)) -> Customer | C24: ,c. | D24: TerritoryID | E24: AS | F24: TerritoryID | H24: Person | I24: CountryRegion | J24: =_xlfn.CONCAT( ",('",B24,"','",D24,"',","'",F24,"','",G24,"')") -> ,('Customer','TerritoryID','TerritoryID','') | K24: =_xlfn.CONCAT( ",('",H24,"','",I24,"')") -> ,('Person','CountryRegion')
A25: =INDEX('OLTP Tables'!$A$3:$A$39,MATCH(SUBSTITUTE('DWH Tables Metadata'!C25,",",""),'OLTP Tables'!$C$3:$C$39,0)) -> Person | B25: =INDEX('OLTP Tables'!$B$3:$B$39,MATCH(SUBSTITUTE('DWH Tables Metadata'!C25,",",""),'OLTP Tables'!$C$3:$C$39,0)) -> Person | C25: ,prs. | D25: PersonType | E25: AS | F25: PersonType | G25: ----Primary type of person: SC = Store Contact, IN = Individual (retail) customer, SP = Sales person, EM = Employee (non-sales), VC = Vendor contact, GC = General contact | J25: =_xlfn.CONCAT( ",('",B25,"','",D25,"',","'",F25,"','",G25,"')") -> ,('Person','PersonType','PersonType','----Primary type of person: SC = Store Contact, IN = Individual (retail) customer, SP = Sales person, EM = Employee (non-sales), VC = Vendor contact, GC = General contact')
A26: =INDEX('OLTP Tables'!$A$3:$A$39,MATCH(SUBSTITUTE('DWH Tables Metadata'!C26,",",""),'OLTP Tables'!$C$3:$C$39,0)) -> Person | B26: =INDEX('OLTP Tables'!$B$3:$B$39,MATCH(SUBSTITUTE('DWH Tables Metadata'!C26,",",""),'OLTP Tables'!$C$3:$C$39,0)) -> Person | C26: ,prs. | D26: Title | E26: AS | F26: Title | J26: =_xlfn.CONCAT( ",('",B26,"','",D26,"',","'",F26,"','",G26,"')") -> ,('Person','Title','Title','')
A27: =INDEX('OLTP Tables'!$A$3:$A$39,MATCH(SUBSTITUTE('DWH Tables Metadata'!C27,",",""),'OLTP Tables'!$C$3:$C$39,0)) -> Person | B27: =INDEX('OLTP Tables'!$B$3:$B$39,MATCH(SUBSTITUTE('DWH Tables Metadata'!C27,",",""),'OLTP Tables'!$C$3:$C$39,0)) -> Person | C27: ,prs. | D27: FirstName | E27: AS | F27: FirstName | J27: =_xlfn.CONCAT( ",('",B27,"','",D27,"',","'",F27,"','",G27,"')") -> ,('Person','FirstName','FirstName','')
A28: =INDEX('OLTP Tables'!$A$3:$A$39,MATCH(SUBSTITUTE('DWH Tables Metadata'!C28,",",""),'OLTP Tables'!$C$3:$C$39,0)) -> Person | B28: =INDEX('OLTP Tables'!$B$3:$B$39,MATCH(SUBSTITUTE('DWH Tables Metadata'!C28,",",""),'OLTP Tables'!$C$3:$C$39,0)) -> Person | C28: ,prs. | D28: MiddleName | E28: AS | F28: MiddleName | J28: =_xlfn.CONCAT( ",('",B28,"','",D28,"',","'",F28,"','",G28,"')") -> ,('Person','MiddleName','MiddleName','')
A29: =INDEX('OLTP Tables'!$A$3:$A$39,MATCH(SUBSTITUTE('DWH Tables Metadata'!C29,",",""),'OLTP Tables'!$C$3:$C$39,0)) -> Person | B29: =INDEX('OLTP Tables'!$B$3:$B$39,MATCH(SUBSTITUTE('DWH Tables Metadata'!C29,",",""),'OLTP Tables'!$C$3:$C$39,0)) -> Person | C29: ,prs. | D29: LastName | E29: AS | F29: LastName | J29: =_xlfn.CONCAT( ",('",B29,"','",D29,"',","'",F29,"','",G29,"')") -> ,('Person','LastName','LastName','')
A30: =INDEX('OLTP Tables'!$A$3:$A$39,MATCH(SUBSTITUTE('DWH Tables Metadata'!C30,",",""),'OLTP Tables'!$C$3:$C$39,0)) -> Sales | B30: =INDEX('OLTP Tables'!$B$3:$B$39,MATCH(SUBSTITUTE('DWH Tables Metadata'!C30,",",""),'OLTP Tables'!$C$3:$C$39,0)) -> Store | C30: ,s. | D30: Name | E30: AS | F30: StoreName | J30: =_xlfn.CONCAT( ",('",B30,"','",D30,"',","'",F30,"','",G30,"')") -> ,('Store','Name','StoreName','')
A31: =INDEX('OLTP Tables'!$A$3:$A$39,MATCH(SUBSTITUTE('DWH Tables Metadata'!C31,",",""),'OLTP Tables'!$C$3:$C$39,0)) -> Sales | B31: =INDEX('OLTP Tables'!$B$3:$B$39,MATCH(SUBSTITUTE('DWH Tables Metadata'!C31,",",""),'OLTP Tables'!$C$3:$C$39,0)) -> SalesTerritory | C31: ,st. | D31: Name | E31: AS | F31: TerritoryName | J31: =_xlfn.CONCAT( ",('",B31,"','",D31,"',","'",F31,"','",G31,"')") -> ,('SalesTerritory','Name','TerritoryName','')
A32: =INDEX('OLTP Tables'!$A$3:$A$39,MATCH(SUBSTITUTE('DWH Tables Metadata'!C32,",",""),'OLTP Tables'!$C$3:$C$39,0)) -> Person | B32: =INDEX('OLTP Tables'!$B$3:$B$39,MATCH(SUBSTITUTE('DWH Tables Metadata'!C32,",",""),'OLTP Tables'!$C$3:$C$39,0)) -> CountryRegion | C32: ,cr. | D32: Name | E32: AS | F32: CountryRegionName | J32: =_xlfn.CONCAT( ",('",B32,"','",D32,"',","'",F32,"','",G32,"')") -> ,('CountryRegion','Name','CountryRegionName','')
A33: =INDEX('OLTP Tables'!$A$3:$A$39,MATCH(SUBSTITUTE('DWH Tables Metadata'!C33,",",""),'OLTP Tables'!$C$3:$C$39,0)) -> Sales | B33: =INDEX('OLTP Tables'!$B$3:$B$39,MATCH(SUBSTITUTE('DWH Tables Metadata'!C33,",",""),'OLTP Tables'!$C$3:$C$39,0)) -> SalesTerritory | C33: ,st. | D33: CountryRegionCode | E33: AS | F33: CountryRegionCode | J33: =_xlfn.CONCAT( ",('",B33,"','",D33,"',","'",F33,"','",G33,"')") -> ,('SalesTerritory','CountryRegionCode','CountryRegionCode','')
A34: =INDEX('OLTP Tables'!$A$3:$A$39,MATCH(SUBSTITUTE('DWH Tables Metadata'!C34,",",""),'OLTP Tables'!$C$3:$C$39,0)) -> Sales | B34: =INDEX('OLTP Tables'!$B$3:$B$39,MATCH(SUBSTITUTE('DWH Tables Metadata'!C34,",",""),'OLTP Tables'!$C$3:$C$39,0)) -> SalesTerritory | C34: ,st. | D34: [Group] | E34: AS | F34: TerritoryGroup | J34: =_xlfn.CONCAT( ",('",B34,"','",D34,"',","'",F34,"','",G34,"')") -> ,('SalesTerritory','[Group]','TerritoryGroup','')
A35: =INDEX('OLTP Tables'!$A$3:$A$39,MATCH(SUBSTITUTE('DWH Tables Metadata'!C35,",",""),'OLTP Tables'!$C$3:$C$39,0)) -> Sales | B35: =INDEX('OLTP Tables'!$B$3:$B$39,MATCH(SUBSTITUTE('DWH Tables Metadata'!C35,",",""),'OLTP Tables'!$C$3:$C$39,0)) -> Customer | C35: ,c. | D35: ValidityDate_Start | E35: AS | F35: ValidityDate_Start | J35: =_xlfn.CONCAT( ",('",B35,"','",D35,"',","'",F35,"','",G35,"')") -> ,('Customer','ValidityDate_Start','ValidityDate_Start','')
A36: =INDEX('OLTP Tables'!$A$3:$A$39,MATCH(SUBSTITUTE('DWH Tables Metadata'!C36,",",""),'OLTP Tables'!$C$3:$C$39,0)) -> Sales | B36: =INDEX('OLTP Tables'!$B$3:$B$39,MATCH(SUBSTITUTE('DWH Tables Metadata'!C36,",",""),'OLTP Tables'!$C$3:$C$39,0)) -> Customer | C36: ,c. | D36: ValidityDate_End | E36: AS | F36: ValidityDate_End | J36: =_xlfn.CONCAT( ",('",B36,"','",D36,"',","'",F36,"','",G36,"')") -> ,('Customer','ValidityDate_End','ValidityDate_End','')
A37: DimProduct | C37: DimProduct | H37: DimProduct | J37: DimProduct
A38: =INDEX('OLTP Tables'!$A$3:$A$39,MATCH(SUBSTITUTE('DWH Tables Metadata'!C38,",",""),'OLTP Tables'!$C$3:$C$39,0)) -> Production | B38: =INDEX('OLTP Tables'!$B$3:$B$39,MATCH(SUBSTITUTE('DWH Tables Metadata'!C38,",",""),'OLTP Tables'!$C$3:$C$39,0)) -> Product | C38: p. | D38: ProductNumber | E38: AS | F38: ProductNumber | H38: {=_xlfn.UNIQUE(A38:B60)} -> Production | I38: Product | J38: =_xlfn.CONCAT( "('",B38,"','",D38,"',","'",F38,"','",G38,"')") -> ('Product','ProductNumber','ProductNumber','') | K38: =_xlfn.CONCAT( "('",H38,"','",I38,"')") -> ('Production','Product')
A39: =INDEX('OLTP Tables'!$A$3:$A$39,MATCH(SUBSTITUTE('DWH Tables Metadata'!C39,",",""),'OLTP Tables'!$C$3:$C$39,0)) -> Production | B39: =INDEX('OLTP Tables'!$B$3:$B$39,MATCH(SUBSTITUTE('DWH Tables Metadata'!C39,",",""),'OLTP Tables'!$C$3:$C$39,0)) -> Product | C39: ,p. | D39: ProductID | E39: AS | F39: ProductID | H39: Production | I39: ProductCategory | J39: =_xlfn.CONCAT( ",('",B39,"','",D39,"',","'",F39,"','",G39,"')") -> ,('Product','ProductID','ProductID','') | K39: =_xlfn.CONCAT( ",('",H39,"','",I39,"')") -> ,('Production','ProductCategory')
A40: =INDEX('OLTP Tables'!$A$3:$A$39,MATCH(SUBSTITUTE('DWH Tables Metadata'!C40,",",""),'OLTP Tables'!$C$3:$C$39,0)) -> Production | B40: =INDEX('OLTP Tables'!$B$3:$B$39,MATCH(SUBSTITUTE('DWH Tables Metadata'!C40,",",""),'OLTP Tables'!$C$3:$C$39,0)) -> ProductCategory | C40: ,pc. | D40: ProductCategoryID | E40: AS | F40: ProductCategoryID | H40: Production | I40: ProductSubcategory | J40: =_xlfn.CONCAT( ",('",B40,"','",D40,"',","'",F40,"','",G40,"')") -> ,('ProductCategory','ProductCategoryID','ProductCategoryID','') | K40: =_xlfn.CONCAT( ",('",H40,"','",I40,"')") -> ,('Production','ProductSubcategory')
A41: =INDEX('OLTP Tables'!$A$3:$A$39,MATCH(SUBSTITUTE('DWH Tables Metadata'!C41,",",""),'OLTP Tables'!$C$3:$C$39,0)) -> Production | B41: =INDEX('OLTP Tables'!$B$3:$B$39,MATCH(SUBSTITUTE('DWH Tables Metadata'!C41,",",""),'OLTP Tables'!$C$3:$C$39,0)) -> ProductSubcategory | C41: ,psc. | D41: ProductSubcategoryID | E41: AS | F41: ProductSubcategoryID | H41: Production | I41: UnitMeasure | J41: =_xlfn.CONCAT( ",('",B41,"','",D41,"',","'",F41,"','",G41,"')") -> ,('ProductSubcategory','ProductSubcategoryID','ProductSubcategoryID','') | K41: =_xlfn.CONCAT( ",('",H41,"','",I41,"')") -> ,('Production','UnitMeasure')
A42: =INDEX('OLTP Tables'!$A$3:$A$39,MATCH(SUBSTITUTE('DWH Tables Metadata'!C42,",",""),'OLTP Tables'!$C$3:$C$39,0)) -> Production | B42: =INDEX('OLTP Tables'!$B$3:$B$39,MATCH(SUBSTITUTE('DWH Tables Metadata'!C42,",",""),'OLTP Tables'!$C$3:$C$39,0)) -> Product | C42: ,p. | D42: Name | E42: AS | F42: ProductName | J42: =_xlfn.CONCAT( ",('",B42,"','",D42,"',","'",F42,"','",G42,"')") -> ,('Product','Name','ProductName','')
A43: =INDEX('OLTP Tables'!$A$3:$A$39,MATCH(SUBSTITUTE('DWH Tables Metadata'!C43,",",""),'OLTP Tables'!$C$3:$C$39,0)) -> Production | B43: =INDEX('OLTP Tables'!$B$3:$B$39,MATCH(SUBSTITUTE('DWH Tables Metadata'!C43,",",""),'OLTP Tables'!$C$3:$C$39,0)) -> ProductCategory | C43: ,pc. | D43: Name | E43: AS | F43: ProductCategoryName | J43: =_xlfn.CONCAT( ",('",B43,"','",D43,"',","'",F43,"','",G43,"')") -> ,('ProductCategory','Name','ProductCategoryName','')
A44: =INDEX('OLTP Tables'!$A$3:$A$39,MATCH(SUBSTITUTE('DWH Tables Metadata'!C44,",",""),'OLTP Tables'!$C$3:$C$39,0)) -> Production | B44: =INDEX('OLTP Tables'!$B$3:$B$39,MATCH(SUBSTITUTE('DWH Tables Metadata'!C44,",",""),'OLTP Tables'!$C$3:$C$39,0)) -> ProductSubcategory | C44: ,psc. | D44: Name | E44: AS | F44: ProductSubcategoryName | J44: =_xlfn.CONCAT( ",('",B44,"','",D44,"',","'",F44,"','",G44,"')") -> ,('ProductSubcategory','Name','ProductSubcategoryName','')
A45: =INDEX('OLTP Tables'!$A$3:$A$39,MATCH(SUBSTITUTE('DWH Tables Metadata'!C45,",",""),'OLTP Tables'!$C$3:$C$39,0)) -> Production | B45: =INDEX('OLTP Tables'!$B$3:$B$39,MATCH(SUBSTITUTE('DWH Tables Metadata'!C45,",",""),'OLTP Tables'!$C$3:$C$39,0)) -> Product | C45: ,p. | D45: Color | E45: AS | F45: ProductColor | J45: =_xlfn.CONCAT( ",('",B45,"','",D45,"',","'",F45,"','",G45,"')") -> ,('Product','Color','ProductColor','')
A46: =INDEX('OLTP Tables'!$A$3:$A$39,MATCH(SUBSTITUTE('DWH Tables Metadata'!C46,",",""),'OLTP Tables'!$C$3:$C$39,0)) -> Production | B46: =INDEX('OLTP Tables'!$B$3:$B$39,MATCH(SUBSTITUTE('DWH Tables Metadata'!C46,",",""),'OLTP Tables'!$C$3:$C$39,0)) -> Product | C46: ,p. | D46: Style | E46: AS | F46: ProductStyle | G46: ---- W = Womens, M = Mens, U = Universal | J46: =_xlfn.CONCAT( ",('",B46,"','",D46,"',","'",F46,"','",G46,"')") -> ,('Product','Style','ProductStyle','---- W = Womens, M = Mens, U = Universal')
A47: =INDEX('OLTP Tables'!$A$3:$A$39,MATCH(SUBSTITUTE('DWH Tables Metadata'!C47,",",""),'OLTP Tables'!$C$3:$C$39,0)) -> Production | B47: =INDEX('OLTP Tables'!$B$3:$B$39,MATCH(SUBSTITUTE('DWH Tables Metadata'!C47,",",""),'OLTP Tables'!$C$3:$C$39,0)) -> Product | C47: ,p. | D47: ProductLine | E47: AS | F47: ProductLine | G47: ---- R = Road, M = Mountain, T = Touring, S = Standard | J47: =_xlfn.CONCAT( ",('",B47,"','",D47,"',","'",F47,"','",G47,"')") -> ,('Product','ProductLine','ProductLine','---- R = Road, M = Mountain, T = Touring, S = Standard')
A48: =INDEX('OLTP Tables'!$A$3:$A$39,MATCH(SUBSTITUTE('DWH Tables Metadata'!C48,",",""),'OLTP Tables'!$C$3:$C$39,0)) -> Production | B48: =INDEX('OLTP Tables'!$B$3:$B$39,MATCH(SUBSTITUTE('DWH Tables Metadata'!C48,",",""),'OLTP Tables'!$C$3:$C$39,0)) -> Product | C48: ,p. | D48: StandardCost | E48: AS | F48: StandardCost | J48: =_xlfn.CONCAT( ",('",B48,"','",D48,"',","'",F48,"','",G48,"')") -> ,('Product','StandardCost','StandardCost ','')
A49: =INDEX('OLTP Tables'!$A$3:$A$39,MATCH(SUBSTITUTE('DWH Tables Metadata'!C49,",",""),'OLTP Tables'!$C$3:$C$39,0)) -> Production | B49: =INDEX('OLTP Tables'!$B$3:$B$39,MATCH(SUBSTITUTE('DWH Tables Metadata'!C49,",",""),'OLTP Tables'!$C$3:$C$39,0)) -> Product | C49: ,p. | D49: ListPrice | E49: AS | F49: ListPrice | J49: =_xlfn.CONCAT( ",('",B49,"','",D49,"',","'",F49,"','",G49,"')") -> ,('Product','ListPrice','ListPrice','')
A50: =INDEX('OLTP Tables'!$A$3:$A$39,MATCH(SUBSTITUTE('DWH Tables Metadata'!C50,",",""),'OLTP Tables'!$C$3:$C$39,0)) -> Production | B50: =INDEX('OLTP Tables'!$B$3:$B$39,MATCH(SUBSTITUTE('DWH Tables Metadata'!C50,",",""),'OLTP Tables'!$C$3:$C$39,0)) -> Product | C50: ,p. | D50: Size | E50: AS | F50: ProductSize | J50: =_xlfn.CONCAT( ",('",B50,"','",D50,"',","'",F50,"','",G50,"')") -> ,('Product','Size','ProductSize','')
A51: =INDEX('OLTP Tables'!$A$3:$A$39,MATCH(SUBSTITUTE('DWH Tables Metadata'!C51,",",""),'OLTP Tables'!$C$3:$C$39,0)) -> Production | B51: =INDEX('OLTP Tables'!$B$3:$B$39,MATCH(SUBSTITUTE('DWH Tables Metadata'!C51,",",""),'OLTP Tables'!$C$3:$C$39,0)) -> UnitMeasure | C51: ,pumS. | D51: UnitMeasureCode | E51: AS | F51: UnitSizeCode | J51: =_xlfn.CONCAT( ",('",B51,"','",D51,"',","'",F51,"','",G51,"')") -> ,('UnitMeasure','UnitMeasureCode','UnitSizeCode','')
A52: =INDEX('OLTP Tables'!$A$3:$A$39,MATCH(SUBSTITUTE('DWH Tables Metadata'!C52,",",""),'OLTP Tables'!$C$3:$C$39,0)) -> Production | B52: =INDEX('OLTP Tables'!$B$3:$B$39,MATCH(SUBSTITUTE('DWH Tables Metadata'!C52,",",""),'OLTP Tables'!$C$3:$C$39,0)) -> UnitMeasure | C52: ,pumS. | D52: Name | E52: AS | F52: UnitSizeName | J52: =_xlfn.CONCAT( ",('",B52,"','",D52,"',","'",F52,"','",G52,"')") -> ,('UnitMeasure','Name','UnitSizeName','')
A53: =INDEX('OLTP Tables'!$A$3:$A$39,MATCH(SUBSTITUTE('DWH Tables Metadata'!C53,",",""),'OLTP Tables'!$C$3:$C$39,0)) -> Production | B53: =INDEX('OLTP Tables'!$B$3:$B$39,MATCH(SUBSTITUTE('DWH Tables Metadata'!C53,",",""),'OLTP Tables'!$C$3:$C$39,0)) -> Product | C53: ,p. | D53: Weight | E53: AS | F53: ProductWeight | J53: =_xlfn.CONCAT( ",('",B53,"','",D53,"',","'",F53,"','",G53,"')") -> ,('Product','Weight','ProductWeight','')
A54: =INDEX('OLTP Tables'!$A$3:$A$39,MATCH(SUBSTITUTE('DWH Tables Metadata'!C54,",",""),'OLTP Tables'!$C$3:$C$39,0)) -> Production | B54: =INDEX('OLTP Tables'!$B$3:$B$39,MATCH(SUBSTITUTE('DWH Tables Metadata'!C54,",",""),'OLTP Tables'!$C$3:$C$39,0)) -> UnitMeasure | C54: ,pumW. | D54: UnitMeasureCode | E54: AS | F54: UnitWeightCode | J54: =_xlfn.CONCAT( ",('",B54,"','",D54,"',","'",F54,"','",G54,"')") -> ,('UnitMeasure','UnitMeasureCode','UnitWeightCode','')
A55: =INDEX('OLTP Tables'!$A$3:$A$39,MATCH(SUBSTITUTE('DWH Tables Metadata'!C55,",",""),'OLTP Tables'!$C$3:$C$39,0)) -> Production | B55: =INDEX('OLTP Tables'!$B$3:$B$39,MATCH(SUBSTITUTE('DWH Tables Metadata'!C55,",",""),'OLTP Tables'!$C$3:$C$39,0)) -> UnitMeasure | C55: ,pumW. | D55: Name | E55: AS | F55: UnitWeightName | J55: =_xlfn.CONCAT( ",('",B55,"','",D55,"',","'",F55,"','",G55,"')") -> ,('UnitMeasure','Name','UnitWeightName','')
A56: =INDEX('OLTP Tables'!$A$3:$A$39,MATCH(SUBSTITUTE('DWH Tables Metadata'!C56,",",""),'OLTP Tables'!$C$3:$C$39,0)) -> Production | B56: =INDEX('OLTP Tables'!$B$3:$B$39,MATCH(SUBSTITUTE('DWH Tables Metadata'!C56,",",""),'OLTP Tables'!$C$3:$C$39,0)) -> Product | C56: ,p. | D56: SellStartDate | E56: AS | F56: SellStartDate | J56: =_xlfn.CONCAT( ",('",B56,"','",D56,"',","'",F56,"','",G56,"')") -> ,('Product','SellStartDate','SellStartDate','')
A57: =INDEX('OLTP Tables'!$A$3:$A$39,MATCH(SUBSTITUTE('DWH Tables Metadata'!C57,",",""),'OLTP Tables'!$C$3:$C$39,0)) -> Production | B57: =INDEX('OLTP Tables'!$B$3:$B$39,MATCH(SUBSTITUTE('DWH Tables Metadata'!C57,",",""),'OLTP Tables'!$C$3:$C$39,0)) -> Product | C57: ,p. | D57: SellEndDate | E57: AS | F57: SellEndDate | J57: =_xlfn.CONCAT( ",('",B57,"','",D57,"',","'",F57,"','",G57,"')") -> ,('Product','SellEndDate','SellEndDate','')
A58: =INDEX('OLTP Tables'!$A$3:$A$39,MATCH(SUBSTITUTE('DWH Tables Metadata'!C58,",",""),'OLTP Tables'!$C$3:$C$39,0)) -> Production | B58: =INDEX('OLTP Tables'!$B$3:$B$39,MATCH(SUBSTITUTE('DWH Tables Metadata'!C58,",",""),'OLTP Tables'!$C$3:$C$39,0)) -> Product | C58: ,p. | D58: DiscontinuedDate | E58: AS | F58: DiscountinuedDate | J58: =_xlfn.CONCAT( ",('",B58,"','",D58,"',","'",F58,"','",G58,"')") -> ,('Product','DiscontinuedDate','DiscountinuedDate','')
A59: =INDEX('OLTP Tables'!$A$3:$A$39,MATCH(SUBSTITUTE('DWH Tables Metadata'!C59,",",""),'OLTP Tables'!$C$3:$C$39,0)) -> Production | B59: =INDEX('OLTP Tables'!$B$3:$B$39,MATCH(SUBSTITUTE('DWH Tables Metadata'!C59,",",""),'OLTP Tables'!$C$3:$C$39,0)) -> Product | C59: ,p. | D59: ValidityDate_Start | E59: AS | F59: ValidityDate_Start | J59: =_xlfn.CONCAT( ",('",B59,"','",D59,"',","'",F59,"','",G59,"')") -> ,('Product','ValidityDate_Start','ValidityDate_Start','')
A60: =INDEX('OLTP Tables'!$A$3:$A$39,MATCH(SUBSTITUTE('DWH Tables Metadata'!C60,",",""),'OLTP Tables'!$C$3:$C$39,0)) -> Production | B60: =INDEX('OLTP Tables'!$B$3:$B$39,MATCH(SUBSTITUTE('DWH Tables Metadata'!C60,",",""),'OLTP Tables'!$C$3:$C$39,0)) -> Product | C60: ,p. | D60: ValidityDate_End | E60: AS | F60: ValidityDate_End | J60: =_xlfn.CONCAT( ",('",B60,"','",D60,"',","'",F60,"','",G60,"')") -> ,('Product','ValidityDate_End','ValidityDate_End','')
A61: DimSalesPerson | C61: DimSalesPerson | H61: DimSalesPerson | J61: DimSalesPerson
A62: =INDEX('OLTP Tables'!$A$3:$A$39,MATCH(SUBSTITUTE('DWH Tables Metadata'!C62,",",""),'OLTP Tables'!$C$3:$C$39,0)) -> Sales | B62: =INDEX('OLTP Tables'!$B$3:$B$39,MATCH(SUBSTITUTE('DWH Tables Metadata'!C62,",",""),'OLTP Tables'!$C$3:$C$39,0)) -> SalesPerson | C62: sp. | D62: BusinessEntityID | E62: AS | F62: SalesPersonID | H62: {=_xlfn.UNIQUE(A62:B75)} -> Sales | I62: SalesPerson | J62: =_xlfn.CONCAT( "('",B62,"','",D62,"',","'",F62,"','",G62,"')") -> ('SalesPerson','BusinessEntityID','SalesPersonID','') | K62: =_xlfn.CONCAT( "('",H62,"','",I62,"')") -> ('Sales','SalesPerson')
A63: =INDEX('OLTP Tables'!$A$3:$A$39,MATCH(SUBSTITUTE('DWH Tables Metadata'!C63,",",""),'OLTP Tables'!$C$3:$C$39,0)) -> Person | B63: =INDEX('OLTP Tables'!$B$3:$B$39,MATCH(SUBSTITUTE('DWH Tables Metadata'!C63,",",""),'OLTP Tables'!$C$3:$C$39,0)) -> Person | C63: ,prs. | D63: PersonType | E63: AS | F63: PersonType | G63: ---- Primary type of person: SC = Store Contact, IN = Individual (retail) customer, SP = Sales person, EM = Employee (non-sales), VC = Vendor contact, GC = General contact | H63: Person | I63: Person | J63: =_xlfn.CONCAT( ",('",B63,"','",D63,"',","'",F63,"','",G63,"')") -> ,('Person','PersonType','PersonType','---- Primary type of person: SC = Store Contact, IN = Individual (retail) customer, SP = Sales person, EM = Employee (non-sales), VC = Vendor contact, GC = General contact') | K63: =_xlfn.CONCAT( ",('",H63,"','",I63,"')") -> ,('Person','Person')
A64: =INDEX('OLTP Tables'!$A$3:$A$39,MATCH(SUBSTITUTE('DWH Tables Metadata'!C64,",",""),'OLTP Tables'!$C$3:$C$39,0)) -> Person | B64: =INDEX('OLTP Tables'!$B$3:$B$39,MATCH(SUBSTITUTE('DWH Tables Metadata'!C64,",",""),'OLTP Tables'!$C$3:$C$39,0)) -> Person | C64: ,prs. | D64: Title | E64: AS | F64: Title | H64: HumanResources | I64: Employee | J64: =_xlfn.CONCAT( ",('",B64,"','",D64,"',","'",F64,"','",G64,"')") -> ,('Person','Title','Title','') | K64: =_xlfn.CONCAT( ",('",H64,"','",I64,"')") -> ,('HumanResources','Employee')
A65: =INDEX('OLTP Tables'!$A$3:$A$39,MATCH(SUBSTITUTE('DWH Tables Metadata'!C65,",",""),'OLTP Tables'!$C$3:$C$39,0)) -> Person | B65: =INDEX('OLTP Tables'!$B$3:$B$39,MATCH(SUBSTITUTE('DWH Tables Metadata'!C65,",",""),'OLTP Tables'!$C$3:$C$39,0)) -> Person | C65: ,prs. | D65: FirstName | E65: AS | F65: FirstName | J65: =_xlfn.CONCAT( ",('",B65,"','",D65,"',","'",F65,"','",G65,"')") -> ,('Person','FirstName','FirstName','')
A66: =INDEX('OLTP Tables'!$A$3:$A$39,MATCH(SUBSTITUTE('DWH Tables Metadata'!C66,",",""),'OLTP Tables'!$C$3:$C$39,0)) -> Person | B66: =INDEX('OLTP Tables'!$B$3:$B$39,MATCH(SUBSTITUTE('DWH Tables Metadata'!C66,",",""),'OLTP Tables'!$C$3:$C$39,0)) -> Person | C66: ,prs. | D66: MiddleName | E66: AS | F66: MiddleName | J66: =_xlfn.CONCAT( ",('",B66,"','",D66,"',","'",F66,"','",G66,"')") -> ,('Person','MiddleName','MiddleName','')
A67: =INDEX('OLTP Tables'!$A$3:$A$39,MATCH(SUBSTITUTE('DWH Tables Metadata'!C67,",",""),'OLTP Tables'!$C$3:$C$39,0)) -> Person | B67: =INDEX('OLTP Tables'!$B$3:$B$39,MATCH(SUBSTITUTE('DWH Tables Metadata'!C67,",",""),'OLTP Tables'!$C$3:$C$39,0)) -> Person | C67: ,prs. | D67: LastName | E67: AS | F67: LastName | J67: =_xlfn.CONCAT( ",('",B67,"','",D67,"',","'",F67,"','",G67,"')") -> ,('Person','LastName','LastName','')
A68: =INDEX('OLTP Tables'!$A$3:$A$39,MATCH(SUBSTITUTE('DWH Tables Metadata'!C68,",",""),'OLTP Tables'!$C$3:$C$39,0)) -> HumanResources | B68: =INDEX('OLTP Tables'!$B$3:$B$39,MATCH(SUBSTITUTE('DWH Tables Metadata'!C68,",",""),'OLTP Tables'!$C$3:$C$39,0)) -> Employee | C68: ,em. | D68: OrganizationLevel | E68: AS | F68: OrganizationLevel | G68: --- The depth of the employee in the corporate hierarchy. | J68: =_xlfn.CONCAT( ",('",B68,"','",D68,"',","'",F68,"','",G68,"')") -> ,('Employee','OrganizationLevel','OrganizationLevel','--- The depth of the employee in the corporate hierarchy.')
A69: =INDEX('OLTP Tables'!$A$3:$A$39,MATCH(SUBSTITUTE('DWH Tables Metadata'!C69,",",""),'OLTP Tables'!$C$3:$C$39,0)) -> HumanResources | B69: =INDEX('OLTP Tables'!$B$3:$B$39,MATCH(SUBSTITUTE('DWH Tables Metadata'!C69,",",""),'OLTP Tables'!$C$3:$C$39,0)) -> Employee | C69: ,em. | D69: JobTitle | E69: AS | F69: JobTitle | J69: =_xlfn.CONCAT( ",('",B69,"','",D69,"',","'",F69,"','",G69,"')") -> ,('Employee','JobTitle','JobTitle','')
A70: =INDEX('OLTP Tables'!$A$3:$A$39,MATCH(SUBSTITUTE('DWH Tables Metadata'!C70,",",""),'OLTP Tables'!$C$3:$C$39,0)) -> Sales | B70: =INDEX('OLTP Tables'!$B$3:$B$39,MATCH(SUBSTITUTE('DWH Tables Metadata'!C70,",",""),'OLTP Tables'!$C$3:$C$39,0)) -> SalesPerson | C70: ,sp. | D70: SalesQuota | E70: AS | F70: SalesQuota | G70: --- Projected yearly sales. | J70: =_xlfn.CONCAT( ",('",B70,"','",D70,"',","'",F70,"','",G70,"')") -> ,('SalesPerson','SalesQuota','SalesQuota','--- Projected yearly sales.')
A71: =INDEX('OLTP Tables'!$A$3:$A$39,MATCH(SUBSTITUTE('DWH Tables Metadata'!C71,",",""),'OLTP Tables'!$C$3:$C$39,0)) -> Sales | B71: =INDEX('OLTP Tables'!$B$3:$B$39,MATCH(SUBSTITUTE('DWH Tables Metadata'!C71,",",""),'OLTP Tables'!$C$3:$C$39,0)) -> SalesPerson | C71: ,sp. | D71: Bonus | E71: AS | F71: Bonus | G71: --- Bonus due if quota is met. | J71: =_xlfn.CONCAT( ",('",B71,"','",D71,"',","'",F71,"','",G71,"')") -> ,('SalesPerson','Bonus','Bonus','--- Bonus due if quota is met.')
A72: =INDEX('OLTP Tables'!$A$3:$A$39,MATCH(SUBSTITUTE('DWH Tables Metadata'!C72,",",""),'OLTP Tables'!$C$3:$C$39,0)) -> Sales | B72: =INDEX('OLTP Tables'!$B$3:$B$39,MATCH(SUBSTITUTE('DWH Tables Metadata'!C72,",",""),'OLTP Tables'!$C$3:$C$39,0)) -> SalesPerson | C72: ,sp. | D72: CommissionPct | E72: AS | F72: CommissionPct | G72: --- Commision percent received per sale. | J72: =_xlfn.CONCAT( ",('",B72,"','",D72,"',","'",F72,"','",G72,"')") -> ,('SalesPerson','CommissionPct','CommissionPct','--- Commision percent received per sale.')
A73: =INDEX('OLTP Tables'!$A$3:$A$39,MATCH(SUBSTITUTE('DWH Tables Metadata'!C73,",",""),'OLTP Tables'!$C$3:$C$39,0)) -> Sales | B73: =INDEX('OLTP Tables'!$B$3:$B$39,MATCH(SUBSTITUTE('DWH Tables Metadata'!C73,",",""),'OLTP Tables'!$C$3:$C$39,0)) -> SalesPerson | C73: ,sp. | D73: TerritoryID | E73: AS | F73: TerritoryID | J73: =_xlfn.CONCAT( ",('",B73,"','",D73,"',","'",F73,"','",G73,"')") -> ,('SalesPerson','TerritoryID','TerritoryID','')
A74: =INDEX('OLTP Tables'!$A$3:$A$39,MATCH(SUBSTITUTE('DWH Tables Metadata'!C74,",",""),'OLTP Tables'!$C$3:$C$39,0)) -> Sales | B74: =INDEX('OLTP Tables'!$B$3:$B$39,MATCH(SUBSTITUTE('DWH Tables Metadata'!C74,",",""),'OLTP Tables'!$C$3:$C$39,0)) -> SalesPerson | C74: ,sp. | D74: ValidityDate_Start | E74: AS | F74: ValidityDate_Start | J74: =_xlfn.CONCAT( ",('",B74,"','",D74,"',","'",F74,"','",G74,"')") -> ,('SalesPerson','ValidityDate_Start','ValidityDate_Start','')
A75: =INDEX('OLTP Tables'!$A$3:$A$39,MATCH(SUBSTITUTE('DWH Tables Metadata'!C75,",",""),'OLTP Tables'!$C$3:$C$39,0)) -> Sales | B75: =INDEX('OLTP Tables'!$B$3:$B$39,MATCH(SUBSTITUTE('DWH Tables Metadata'!C75,",",""),'OLTP Tables'!$C$3:$C$39,0)) -> SalesPerson | C75: ,sp. | D75: ValidityDate_End | E75: AS | F75: ValidityDate_End | J75: =_xlfn.CONCAT( ",('",B75,"','",D75,"',","'",F75,"','",G75,"')") -> ,('SalesPerson','ValidityDate_End','ValidityDate_End','')
A76: FactSales | C76: FactSales | H76: FactSales | J76: FactSales
A77: =INDEX('OLTP Tables'!$A$3:$A$39,MATCH(SUBSTITUTE('DWH Tables Metadata'!C77,",",""),'OLTP Tables'!$C$3:$C$39,0)) -> Sales | B77: =INDEX('OLTP Tables'!$B$3:$B$39,MATCH(SUBSTITUTE('DWH Tables Metadata'!C77,",",""),'OLTP Tables'!$C$3:$C$39,0)) -> SalesOrderHeader | C77: soh. | D77: SalesOrderNumber | E77: AS | F77: SalesOrderNumber | G77: ---- Unique sales order identification number. | H77: {=_xlfn.UNIQUE(A77:B100)} -> Sales | I77: SalesOrderHeader | J77: =_xlfn.CONCAT( "('",B77,"','",D77,"',","'",F77,"','",G77,"')") -> ('SalesOrderHeader','SalesOrderNumber','SalesOrderNumber','---- Unique sales order identification number.') | K77: =_xlfn.CONCAT( "('",H77,"','",I77,"')") -> ('Sales','SalesOrderHeader')
A78: =INDEX('OLTP Tables'!$A$3:$A$39,MATCH(SUBSTITUTE('DWH Tables Metadata'!C78,",",""),'OLTP Tables'!$C$3:$C$39,0)) -> Sales | B78: =INDEX('OLTP Tables'!$B$3:$B$39,MATCH(SUBSTITUTE('DWH Tables Metadata'!C78,",",""),'OLTP Tables'!$C$3:$C$39,0)) -> SalesOrderHeader | C78: ,soh. | D78: SalesOrderID | E78: AS | F78: SalesOrderID | H78: Sales | I78: SalesOrderDetail | J78: =_xlfn.CONCAT( ",('",B78,"','",D78,"',","'",F78,"','",G78,"')") -> ,('SalesOrderHeader','SalesOrderID','SalesOrderID','') | K78: =_xlfn.CONCAT( ",('",H78,"','",I78,"')") -> ,('Sales','SalesOrderDetail')
A79: =INDEX('OLTP Tables'!$A$3:$A$39,MATCH(SUBSTITUTE('DWH Tables Metadata'!C79,",",""),'OLTP Tables'!$C$3:$C$39,0)) -> Sales | B79: =INDEX('OLTP Tables'!$B$3:$B$39,MATCH(SUBSTITUTE('DWH Tables Metadata'!C79,",",""),'OLTP Tables'!$C$3:$C$39,0)) -> SalesOrderDetail | C79: ,sod. | D79: SalesOrderDetailID | E79: AS | F79: SalesOrderDetailID | J79: =_xlfn.CONCAT( ",('",B79,"','",D79,"',","'",F79,"','",G79,"')") -> ,('SalesOrderDetail','SalesOrderDetailID','SalesOrderDetailID','')
A80: =INDEX('OLTP Tables'!$A$3:$A$39,MATCH(SUBSTITUTE('DWH Tables Metadata'!C80,",",""),'OLTP Tables'!$C$3:$C$39,0)) -> Sales | B80: =INDEX('OLTP Tables'!$B$3:$B$39,MATCH(SUBSTITUTE('DWH Tables Metadata'!C80,",",""),'OLTP Tables'!$C$3:$C$39,0)) -> SalesOrderDetail | C80: ,sod. | D80: ProductID | E80: AS | F80: ProductID | J80: =_xlfn.CONCAT( ",('",B80,"','",D80,"',","'",F80,"','",G80,"')") -> ,('SalesOrderDetail','ProductID','ProductID','')
A81: =INDEX('OLTP Tables'!$A$3:$A$39,MATCH(SUBSTITUTE('DWH Tables Metadata'!C81,",",""),'OLTP Tables'!$C$3:$C$39,0)) -> Sales | B81: =INDEX('OLTP Tables'!$B$3:$B$39,MATCH(SUBSTITUTE('DWH Tables Metadata'!C81,",",""),'OLTP Tables'!$C$3:$C$39,0)) -> SalesOrderHeader | C81: ,soh. | D81: CustomerID | E81: AS | F81: CustomerID | J81: =_xlfn.CONCAT( ",('",B81,"','",D81,"',","'",F81,"','",G81,"')") -> ,('SalesOrderHeader','CustomerID','CustomerID','')
A82: =INDEX('OLTP Tables'!$A$3:$A$39,MATCH(SUBSTITUTE('DWH Tables Metadata'!C82,",",""),'OLTP Tables'!$C$3:$C$39,0)) -> Sales | B82: =INDEX('OLTP Tables'!$B$3:$B$39,MATCH(SUBSTITUTE('DWH Tables Metadata'!C82,",",""),'OLTP Tables'!$C$3:$C$39,0)) -> SalesOrderHeader | C82: ,soh. | D82: SalesPersonID | E82: AS | F82: SalesPersonID | J82: =_xlfn.CONCAT( ",('",B82,"','",D82,"',","'",F82,"','",G82,"')") -> ,('SalesOrderHeader','SalesPersonID','SalesPersonID','')
A83: =INDEX('OLTP Tables'!$A$3:$A$39,MATCH(SUBSTITUTE('DWH Tables Metadata'!C83,",",""),'OLTP Tables'!$C$3:$C$39,0)) -> Sales | B83: =INDEX('OLTP Tables'!$B$3:$B$39,MATCH(SUBSTITUTE('DWH Tables Metadata'!C83,",",""),'OLTP Tables'!$C$3:$C$39,0)) -> SalesOrderDetail | C83: ,sod. | D83: SpecialOfferID | E83: AS | F83: SpecialOfferID | J83: =_xlfn.CONCAT( ",('",B83,"','",D83,"',","'",F83,"','",G83,"')") -> ,('SalesOrderDetail','SpecialOfferID','SpecialOfferID','')
A84: =INDEX('OLTP Tables'!$A$3:$A$39,MATCH(SUBSTITUTE('DWH Tables Metadata'!C84,",",""),'OLTP Tables'!$C$3:$C$39,0)) -> Sales | B84: =INDEX('OLTP Tables'!$B$3:$B$39,MATCH(SUBSTITUTE('DWH Tables Metadata'!C84,",",""),'OLTP Tables'!$C$3:$C$39,0)) -> SalesOrderHeader | C84: ,soh. | D84: TerritoryID | E84: AS | F84: TerritoryID | J84: =_xlfn.CONCAT( ",('",B84,"','",D84,"',","'",F84,"','",G84,"')") -> ,('SalesOrderHeader','TerritoryID','TerritoryID','')
A85: =INDEX('OLTP Tables'!$A$3:$A$39,MATCH(SUBSTITUTE('DWH Tables Metadata'!C85,",",""),'OLTP Tables'!$C$3:$C$39,0)) -> Sales | B85: =INDEX('OLTP Tables'!$B$3:$B$39,MATCH(SUBSTITUTE('DWH Tables Metadata'!C85,",",""),'OLTP Tables'!$C$3:$C$39,0)) -> SalesOrderHeader | C85: ,soh. | D85: ShipToAddressID | E85: AS | F85: ShipToAddressID | J85: =_xlfn.CONCAT( ",('",B85,"','",D85,"',","'",F85,"','",G85,"')") -> ,('SalesOrderHeader','ShipToAddressID','ShipToAddressID','')
A86: =INDEX('OLTP Tables'!$A$3:$A$39,MATCH(SUBSTITUTE('DWH Tables Metadata'!C86,",",""),'OLTP Tables'!$C$3:$C$39,0)) -> Sales | B86: =INDEX('OLTP Tables'!$B$3:$B$39,MATCH(SUBSTITUTE('DWH Tables Metadata'!C86,",",""),'OLTP Tables'!$C$3:$C$39,0)) -> SalesOrderHeader | C86: ,soh. | D86: CurrencyRateID | E86: AS | F86: CurrencyRateID | J86: =_xlfn.CONCAT( ",('",B86,"','",D86,"',","'",F86,"','",G86,"')") -> ,('SalesOrderHeader','CurrencyRateID','CurrencyRateID','')
A87: =INDEX('OLTP Tables'!$A$3:$A$39,MATCH(SUBSTITUTE('DWH Tables Metadata'!C87,",",""),'OLTP Tables'!$C$3:$C$39,0)) -> Sales | B87: =INDEX('OLTP Tables'!$B$3:$B$39,MATCH(SUBSTITUTE('DWH Tables Metadata'!C87,",",""),'OLTP Tables'!$C$3:$C$39,0)) -> SalesOrderHeader | C87: ,soh. | D87: OrderDate | E87: AS | F87: OrderDate | G87: ---- Dates the sales order was created. | J87: =_xlfn.CONCAT( ",('",B87,"','",D87,"',","'",F87,"','",G87,"')") -> ,('SalesOrderHeader','OrderDate','OrderDate','---- Dates the sales order was created.')
A88: =INDEX('OLTP Tables'!$A$3:$A$39,MATCH(SUBSTITUTE('DWH Tables Metadata'!C88,",",""),'OLTP Tables'!$C$3:$C$39,0)) -> Sales | B88: =INDEX('OLTP Tables'!$B$3:$B$39,MATCH(SUBSTITUTE('DWH Tables Metadata'!C88,",",""),'OLTP Tables'!$C$3:$C$39,0)) -> SalesOrderHeader | C88: ,soh. | D88: DueDate | E88: AS | F88: DueDate | G88: ---- Date the order is due to the customer. | J88: =_xlfn.CONCAT( ",('",B88,"','",D88,"',","'",F88,"','",G88,"')") -> ,('SalesOrderHeader','DueDate','DueDate','---- Date the order is due to the customer.')
A89: =INDEX('OLTP Tables'!$A$3:$A$39,MATCH(SUBSTITUTE('DWH Tables Metadata'!C89,",",""),'OLTP Tables'!$C$3:$C$39,0)) -> Sales | B89: =INDEX('OLTP Tables'!$B$3:$B$39,MATCH(SUBSTITUTE('DWH Tables Metadata'!C89,",",""),'OLTP Tables'!$C$3:$C$39,0)) -> SalesOrderHeader | C89: ,soh. | D89: ShipDate | E89: AS | F89: ShipDate | G89: ---- Date the order was shipped to the customer. | J89: =_xlfn.CONCAT( ",('",B89,"','",D89,"',","'",F89,"','",G89,"')") -> ,('SalesOrderHeader','ShipDate','ShipDate','---- Date the order was shipped to the customer.')
A90: =INDEX('OLTP Tables'!$A$3:$A$39,MATCH(SUBSTITUTE('DWH Tables Metadata'!C90,",",""),'OLTP Tables'!$C$3:$C$39,0)) -> Sales | B90: =INDEX('OLTP Tables'!$B$3:$B$39,MATCH(SUBSTITUTE('DWH Tables Metadata'!C90,",",""),'OLTP Tables'!$C$3:$C$39,0)) -> SalesOrderHeader | C90: ,soh. | D90: Status | E90: AS | F90: Status | G90: ---- Order current status. 1 = In process; 2 = Approved; 3 = Backordered; 4 = Rejected; 5 = Shipped; 6 = Cancelled | J90: =_xlfn.CONCAT( ",('",B90,"','",D90,"',","'",F90,"','",G90,"')") -> ,('SalesOrderHeader','Status','Status','---- Order current status. 1 = In process; 2 = Approved; 3 = Backordered; 4 = Rejected; 5 = Shipped; 6 = Cancelled')
A91: =INDEX('OLTP Tables'!$A$3:$A$39,MATCH(SUBSTITUTE('DWH Tables Metadata'!C91,",",""),'OLTP Tables'!$C$3:$C$39,0)) -> Sales | B91: =INDEX('OLTP Tables'!$B$3:$B$39,MATCH(SUBSTITUTE('DWH Tables Metadata'!C91,",",""),'OLTP Tables'!$C$3:$C$39,0)) -> SalesOrderHeader | C91: ,soh. | D91: OnlineOrderFlag | E91: AS | F91: OnlineOrderFlag | G91: ---- 0 = Order placed by sales person. 1 = Order placed online by customer. | J91: =_xlfn.CONCAT( ",('",B91,"','",D91,"',","'",F91,"','",G91,"')") -> ,('SalesOrderHeader','OnlineOrderFlag','OnlineOrderFlag','---- 0 = Order placed by sales person. 1 = Order placed online by customer.')
A92: =INDEX('OLTP Tables'!$A$3:$A$39,MATCH(SUBSTITUTE('DWH Tables Metadata'!C92,",",""),'OLTP Tables'!$C$3:$C$39,0)) -> Sales | B92: =INDEX('OLTP Tables'!$B$3:$B$39,MATCH(SUBSTITUTE('DWH Tables Metadata'!C92,",",""),'OLTP Tables'!$C$3:$C$39,0)) -> SalesOrderHeader | C92: ,soh. | D92: SubTotal | E92: AS | F92: OrderSubTotal | J92: =_xlfn.CONCAT( ",('",B92,"','",D92,"',","'",F92,"','",G92,"')") -> ,('SalesOrderHeader','SubTotal','OrderSubTotal ','')
A93: =INDEX('OLTP Tables'!$A$3:$A$39,MATCH(SUBSTITUTE('DWH Tables Metadata'!C93,",",""),'OLTP Tables'!$C$3:$C$39,0)) -> Sales | B93: =INDEX('OLTP Tables'!$B$3:$B$39,MATCH(SUBSTITUTE('DWH Tables Metadata'!C93,",",""),'OLTP Tables'!$C$3:$C$39,0)) -> SalesOrderHeader | C93: ,soh. | D93: TaxAmt | E93: AS | F93: OrderTaxAmt | J93: =_xlfn.CONCAT( ",('",B93,"','",D93,"',","'",F93,"','",G93,"')") -> ,('SalesOrderHeader','TaxAmt','OrderTaxAmt','')
A94: =INDEX('OLTP Tables'!$A$3:$A$39,MATCH(SUBSTITUTE('DWH Tables Metadata'!C94,",",""),'OLTP Tables'!$C$3:$C$39,0)) -> Sales | B94: =INDEX('OLTP Tables'!$B$3:$B$39,MATCH(SUBSTITUTE('DWH Tables Metadata'!C94,",",""),'OLTP Tables'!$C$3:$C$39,0)) -> SalesOrderHeader | C94: ,soh. | D94: Freight | E94: AS | F94: OrderFreight | J94: =_xlfn.CONCAT( ",('",B94,"','",D94,"',","'",F94,"','",G94,"')") -> ,('SalesOrderHeader','Freight','OrderFreight','')
A95: =INDEX('OLTP Tables'!$A$3:$A$39,MATCH(SUBSTITUTE('DWH Tables Metadata'!C95,",",""),'OLTP Tables'!$C$3:$C$39,0)) -> Sales | B95: =INDEX('OLTP Tables'!$B$3:$B$39,MATCH(SUBSTITUTE('DWH Tables Metadata'!C95,",",""),'OLTP Tables'!$C$3:$C$39,0)) -> SalesOrderHeader | C95: ,soh. | D95: TotalDue | E95: AS | F95: OrderTotalDue | J95: =_xlfn.CONCAT( ",('",B95,"','",D95,"',","'",F95,"','",G95,"')") -> ,('SalesOrderHeader','TotalDue','OrderTotalDue','')
A96: =INDEX('OLTP Tables'!$A$3:$A$39,MATCH(SUBSTITUTE('DWH Tables Metadata'!C96,",",""),'OLTP Tables'!$C$3:$C$39,0)) -> Sales | B96: =INDEX('OLTP Tables'!$B$3:$B$39,MATCH(SUBSTITUTE('DWH Tables Metadata'!C96,",",""),'OLTP Tables'!$C$3:$C$39,0)) -> SalesOrderDetail | C96: ,sod. | D96: OrderQty | E96: AS | F96: LineOrderQty | J96: =_xlfn.CONCAT( ",('",B96,"','",D96,"',","'",F96,"','",G96,"')") -> ,('SalesOrderDetail','OrderQty','LineOrderQty','')
A97: =INDEX('OLTP Tables'!$A$3:$A$39,MATCH(SUBSTITUTE('DWH Tables Metadata'!C97,",",""),'OLTP Tables'!$C$3:$C$39,0)) -> Sales | B97: =INDEX('OLTP Tables'!$B$3:$B$39,MATCH(SUBSTITUTE('DWH Tables Metadata'!C97,",",""),'OLTP Tables'!$C$3:$C$39,0)) -> SalesOrderDetail | C97: ,sod. | D97: UnitPrice | E97: AS | F97: UnitPrice | J97: =_xlfn.CONCAT( ",('",B97,"','",D97,"',","'",F97,"','",G97,"')") -> ,('SalesOrderDetail','UnitPrice','UnitPrice','')
A98: =INDEX('OLTP Tables'!$A$3:$A$39,MATCH(SUBSTITUTE('DWH Tables Metadata'!C98,",",""),'OLTP Tables'!$C$3:$C$39,0)) -> Sales | B98: =INDEX('OLTP Tables'!$B$3:$B$39,MATCH(SUBSTITUTE('DWH Tables Metadata'!C98,",",""),'OLTP Tables'!$C$3:$C$39,0)) -> SalesOrderDetail | C98: ,sod. | D98: UnitPriceDiscount | E98: AS | F98: UnitPriceDiscount | J98: =_xlfn.CONCAT( ",('",B98,"','",D98,"',","'",F98,"','",G98,"')") -> ,('SalesOrderDetail','UnitPriceDiscount','UnitPriceDiscount','')
A99: =INDEX('OLTP Tables'!$A$3:$A$39,MATCH(SUBSTITUTE('DWH Tables Metadata'!C99,",",""),'OLTP Tables'!$C$3:$C$39,0)) -> Sales | B99: =INDEX('OLTP Tables'!$B$3:$B$39,MATCH(SUBSTITUTE('DWH Tables Metadata'!C99,",",""),'OLTP Tables'!$C$3:$C$39,0)) -> SalesOrderDetail | C99: ,sod. | D99: LineTotal | E99: AS | F99: LineTotal | J99: =_xlfn.CONCAT( ",('",B99,"','",D99,"',","'",F99,"','",G99,"')") -> ,('SalesOrderDetail','LineTotal','LineTotal','')
A100: =INDEX('OLTP Tables'!$A$3:$A$39,MATCH(SUBSTITUTE('DWH Tables Metadata'!C100,",",""),'OLTP Tables'!$C$3:$C$39,0)) -> Sales | B100: =INDEX('OLTP Tables'!$B$3:$B$39,MATCH(SUBSTITUTE('DWH Tables Metadata'!C100,",",""),'OLTP Tables'!$C$3:$C$39,0)) -> SalesOrderHeader | C100: ,soh. | D100: LastModifiedDate | E100: AS | F100: LastModifiedDate | J100: =_xlfn.CONCAT( ",('",B100,"','",D100,"',","'",F100,"','",G100,"')") -> ,('SalesOrderHeader','LastModifiedDate','LastModifiedDate','')

Sheet Loading Data MetaData
A1: Input: DWH Tables | C1: Attributes Definition | E1: SCD 1 Generator | L1: SCD 2 Generator | R1: #Temp Table Fileds
A3: Column | B3: SCD Type input | C3: @DimAttributes | D3: @StgAttributes | E3: Unique Column | F3: SCD Type | J3: @SCD1_Filter | K3: @SCD1_UpdateStatement | L3: Unique Column | M3: SCD Type | Q3: @SCD2_Filter
A4: DimAddress | C4: DimAddress | E4: DimAddress | L4: DimAddress | R4: DimAddress
A5: AddressID | B5: Fixed | C5: =A5 -> AddressID | D5: =_xlfn.CONCAT("s.",A5) -> s.AddressID | R5: [AddressID] [int] NOT NULL,
A6: StateProvinceID | B6: Fixed | C6: =_xlfn.CONCAT(",",A6) -> ,StateProvinceID | D6: =_xlfn.CONCAT(",s.",A6) -> ,s.StateProvinceID | R6: [StateProvinceID] [int] NULL,
A7: TerritoryID | B7: Fixed | C7: =_xlfn.CONCAT(",",A7) -> ,TerritoryID | D7: =_xlfn.CONCAT(",s.",A7) -> ,s.TerritoryID | R7: [TerritoryID] [int] NULL,
A8: AddressLine | B8: Fixed | C8: =_xlfn.CONCAT(",",A8) -> ,AddressLine | D8: =_xlfn.CONCAT(",s.",A8) -> ,s.AddressLine | R8: [AddressLine] [nvarchar](120) NULL,
A9: City | B9: Fixed | C9: =_xlfn.CONCAT(",",A9) -> ,City | D9: =_xlfn.CONCAT(",s.",A9) -> ,s.City | R9: [City] [nvarchar](60) NULL,
A10: PostalCode | B10: Fixed | C10: =_xlfn.CONCAT(",",A10) -> ,PostalCode | D10: =_xlfn.CONCAT(",s.",A10) -> ,s.PostalCode | R10: [PostalCode] [nvarchar](30) NULL,
A11: StateProvinceName | B11: Fixed | C11: =_xlfn.CONCAT(",",A11) -> ,StateProvinceName | D11: =_xlfn.CONCAT(",s.",A11) -> ,s.StateProvinceName | R11: [StateProvinceName] [nvarchar](100) NULL,
A12: StateProvinceCode | B12: Fixed | C12: =_xlfn.CONCAT(",",A12) -> ,StateProvinceCode | D12: =_xlfn.CONCAT(",s.",A12) -> ,s.StateProvinceCode | R12: [StateProvinceCode] [nchar](6) NULL,
A13: TerritoryName | B13: Fixed | C13: =_xlfn.CONCAT(",",A13) -> ,TerritoryName | D13: =_xlfn.CONCAT(",s.",A13) -> ,s.TerritoryName | R13: [TerritoryName] [nvarchar](100) NULL,
A14: CountryRegionName | B14: Fixed | C14: =_xlfn.CONCAT(",",A14) -> ,CountryRegionName | D14: =_xlfn.CONCAT(",s.",A14) -> ,s.CountryRegionName | R14: [CountryRegionName] [nvarchar](100) NULL,
A15: CountryRegionCode | B15: Fixed | C15: =_xlfn.CONCAT(",",A15) -> ,CountryRegionCode | D15: =_xlfn.CONCAT(",s.",A15) -> ,s.CountryRegionCode | R15: [CountryRegionCode] [nvarchar](6) NULL,
A16: TerritoryGroup | B16: Fixed | C16: =_xlfn.CONCAT(",",A16) -> ,TerritoryGroup | D16: =_xlfn.CONCAT(",s.",A16) -> ,s.TerritoryGroup | R16: [TerritoryGroup] [nvarchar](100) NULL,
A17: ValidityDate_Start | C17: =_xlfn.CONCAT(",",A17) -> ,ValidityDate_Start | D17: =_xlfn.CONCAT(",s.",A17) -> ,s.ValidityDate_Start | R17: [ValidityDate_Start] [datetime] NULL,
A18: ValidityDate_End | C18: =_xlfn.CONCAT(",",A18) -> ,ValidityDate_End | D18: =_xlfn.CONCAT(",s.",A18) -> ,s.ValidityDate_End | R18: [ValidityDate_End] [datetime] NULL,
A19: DimCustomer | C19: DimCustomer | E19: DimCustomer | L19: DimCustomer | R19: DimCustomer
A20: CustomerID | B20: Fixed | C20: =A20 -> CustomerID | D20: =_xlfn.CONCAT("s.",A20) -> s.CustomerID | E20: {=_xlfn.UNIQUE(_xlfn._xlws.FILTER(A20:A36, (B20:B36=1) + (B20:B36="Fixed")))} -> CustomerID | F20: =_xlfn.XLOOKUP(E20,$A$20:$A$36,$B$20:$B$36,"",0) -> Fixed | G20: =_xlfn.CONCAT("d.",E20) -> d.CustomerID | H20: =IF(F20="Fixed","=","<>") -> = | I20: =_xlfn.CONCAT("s.",E20) -> s.CustomerID | J20: =IF(AND(F19<>"Fixed", F20="Fixed"),_xlfn.CONCAT("' ",G20, " ", H20, " ", I20), IF(AND(F19="Fixed", F20="Fixed"),_xlfn.CONCAT("and ", G20, " ", H20, " ", I20), IF(AND(F19="Fixed", F20=1),_xlfn.CONCAT( "and ( ",G20, " ", H20, " ", I20), IF(AND(F19=1, F20=1,F21 = 1),_xlfn.CONCAT( "or ",G20, " ", H20, " ", I20), IF(AND(F19=1, F20=1,F21 <> 1),_xlfn.CONCAT( "or ",G20, " ", H20, " ", I20, " ) '") ))))) -> ' d.CustomerID = s.CustomerID | K20: {=_xlfn.TEXTJOIN(_xlfn.CONCAT(CHAR(10)," ,"), FALSE,_xlfn.ANCHORARRAY( E20) & " = " & I20:I31)} -> CustomerID = s.CustomerID ,CustomerPersonID = s.CustomerPersonID ,PersonType = s.PersonType ,StoreID = s.StoreID ,SalesPersonID = s.SalesPersonID ,TerritoryID = s.TerritoryID ,Title = s.Title ,StoreName = s.StoreName ,TerritoryName = s.TerritoryName ,CountryRegionName = s.CountryRegionName ,CountryRegionCode = s.CountryRegionCode ,TerritoryGroup = s.TerritoryGroup | L20: {=_xlfn.UNIQUE(_xlfn._xlws.FILTER(A20:A36, (B20:B36=2) + (B20:B36="Fixed")))} -> CustomerID | M20: =_xlfn.XLOOKUP(L20,$A$20:$A$36,$B$20:$B$36,"",0) -> Fixed | N20: =_xlfn.CONCAT("d.",L20) -> d.CustomerID | O20: =IF(M20="Fixed","=","<>") -> = | P20: =_xlfn.CONCAT("s.",L20) -> s.CustomerID | Q20: =IF(AND(M19<>"Fixed", M20="Fixed"),_xlfn.CONCAT("' ",N20, " ", O20, " ", P20), IF(AND(M19="Fixed", M20="Fixed"),_xlfn.CONCAT("and ", N20, " ", O20, " ", P20), IF(AND(M19="Fixed", M20=2),_xlfn.CONCAT( "and ( ",N20, " ", O20, " ", P20), IF(AND(M19=2, M20=2,M21 = 2),_xlfn.CONCAT( "or ",N20, " ", O20, " ", P20), IF(AND(M19=2, M20=2,M21 <> 2),_xlfn.CONCAT( "or ",N20, " ", O20, " ", P20, " ) '") ))))) -> ' d.CustomerID = s.CustomerID | R20: [CustomerID] [int] NOT NULL,
A21: CustomerPersonID | B21: Fixed | C21: =_xlfn.CONCAT(",",A21) -> ,CustomerPersonID | D21: =_xlfn.CONCAT(",s.",A21) -> ,s.CustomerPersonID | E21: CustomerPersonID | F21: =_xlfn.XLOOKUP(E21,$A$20:$A$36,$B$20:$B$36,"",0) -> Fixed | G21: =_xlfn.CONCAT("d.",E21) -> d.CustomerPersonID | H21: =IF(F21="Fixed","=","<>") -> = | I21: =_xlfn.CONCAT("s.",E21) -> s.CustomerPersonID | J21: =IF(AND(F20<>"Fixed", F21="Fixed"),_xlfn.CONCAT("' ",G21, " ", H21, " ", I21), IF(AND(F20="Fixed", F21="Fixed"),_xlfn.CONCAT("and ", G21, " ", H21, " ", I21), IF(AND(F20="Fixed", F21=1),_xlfn.CONCAT( "and ( ",G21, " ", H21, " ", I21), IF(AND(F20=1, F21=1,F22 = 1),_xlfn.CONCAT( "or ",G21, " ", H21, " ", I21), IF(AND(F20=1, F21=1,F22 <> 1),_xlfn.CONCAT( "or ",G21, " ", H21, " ", I21, " ) '") ))))) -> and d.CustomerPersonID = s.CustomerPersonID | L21: CustomerPersonID | M21: =_xlfn.XLOOKUP(L21,$A$20:$A$36,$B$20:$B$36,"",0) -> Fixed | N21: =_xlfn.CONCAT("d.",L21) -> d.CustomerPersonID | O21: =IF(M21="Fixed","=","<>") -> = | P21: =_xlfn.CONCAT("s.",L21) -> s.CustomerPersonID | Q21: =IF(AND(M20<>"Fixed", M21="Fixed"),_xlfn.CONCAT("' ",N21, " ", O21, " ", P21), IF(AND(M20="Fixed", M21="Fixed"),_xlfn.CONCAT("and ", N21, " ", O21, " ", P21), IF(AND(M20="Fixed", M21=2),_xlfn.CONCAT( "and ( ",N21, " ", O21, " ", P21), IF(AND(M20=2, M21=2,M22 = 2),_xlfn.CONCAT( "or ",N21, " ", O21, " ", P21), IF(AND(M20=2, M21=2,M22 <> 2),_xlfn.CONCAT( "or ",N21, " ", O21, " ", P21, " ) '") ))))) -> and d.CustomerPersonID = s.CustomerPersonID | R21: [CustomerPersonID] [int] NULL,
A22: PersonType | B22: Fixed | C22: =_xlfn.CONCAT(",",A22) -> ,PersonType | D22: =_xlfn.CONCAT(",s.",A22) -> ,s.PersonType | E22: PersonType | F22: =_xlfn.XLOOKUP(E22,$A$20:$A$36,$B$20:$B$36,"",0) -> Fixed | G22: =_xlfn.CONCAT("d.",E22) -> d.PersonType | H22: =IF(F22="Fixed","=","<>") -> = | I22: =_xlfn.CONCAT("s.",E22) -> s.PersonType | J22: =IF(AND(F21<>"Fixed", F22="Fixed"),_xlfn.CONCAT("' ",G22, " ", H22, " ", I22), IF(AND(F21="Fixed", F22="Fixed"),_xlfn.CONCAT("and ", G22, " ", H22, " ", I22), IF(AND(F21="Fixed", F22=1),_xlfn.CONCAT( "and ( ",G22, " ", H22, " ", I22), IF(AND(F21=1, F22=1,F23 = 1),_xlfn.CONCAT( "or ",G22, " ", H22, " ", I22), IF(AND(F21=1, F22=1,F23 <> 1),_xlfn.CONCAT( "or ",G22, " ", H22, " ", I22, " ) '") ))))) -> and d.PersonType = s.PersonType | L22: PersonType | M22: =_xlfn.XLOOKUP(L22,$A$20:$A$36,$B$20:$B$36,"",0) -> Fixed | N22: =_xlfn.CONCAT("d.",L22) -> d.PersonType | O22: =IF(M22="Fixed","=","<>") -> = | P22: =_xlfn.CONCAT("s.",L22) -> s.PersonType | Q22: =IF(AND(M21<>"Fixed", M22="Fixed"),_xlfn.CONCAT("' ",N22, " ", O22, " ", P22), IF(AND(M21="Fixed", M22="Fixed"),_xlfn.CONCAT("and ", N22, " ", O22, " ", P22), IF(AND(M21="Fixed", M22=2),_xlfn.CONCAT( "and ( ",N22, " ", O22, " ", P22), IF(AND(M21=2, M22=2,M23 = 2),_xlfn.CONCAT( "or ",N22, " ", O22, " ", P22), IF(AND(M21=2, M22=2,M23 <> 2),_xlfn.CONCAT( "or ",N22, " ", O22, " ", P22, " ) '") ))))) -> and d.PersonType = s.PersonType | R22: [PersonType] [nchar](4) NULL,
A23: StoreID | B23: 1 | C23: =_xlfn.CONCAT(",",A23) -> ,StoreID | D23: =_xlfn.CONCAT(",s.",A23) -> ,s.StoreID | E23: StoreID | F23: =_xlfn.XLOOKUP(E23,$A$20:$A$36,$B$20:$B$36,"",0) -> 1 | G23: =_xlfn.CONCAT("d.",E23) -> d.StoreID | H23: =IF(F23="Fixed","=","<>") -> <> | I23: =_xlfn.CONCAT("s.",E23) -> s.StoreID | J23: =IF(AND(F22<>"Fixed", F23="Fixed"),_xlfn.CONCAT("' ",G23, " ", H23, " ", I23), IF(AND(F22="Fixed", F23="Fixed"),_xlfn.CONCAT("and ", G23, " ", H23, " ", I23), IF(AND(F22="Fixed", F23=1),_xlfn.CONCAT( "and ( ",G23, " ", H23, " ", I23), IF(AND(F22=1, F23=1,F24 = 1),_xlfn.CONCAT( "or ",G23, " ", H23, " ", I23), IF(AND(F22=1, F23=1,F24 <> 1),_xlfn.CONCAT( "or ",G23, " ", H23, " ", I23, " ) '") ))))) -> and ( d.StoreID <> s.StoreID | L23: FirstName | M23: =_xlfn.XLOOKUP(L23,$A$20:$A$36,$B$20:$B$36,"",0) -> 2 | N23: =_xlfn.CONCAT("d.",L23) -> d.FirstName | O23: =IF(M23="Fixed","=","<>") -> <> | P23: =_xlfn.CONCAT("s.",L23) -> s.FirstName | Q23: =IF(AND(M22<>"Fixed", M23="Fixed"),_xlfn.CONCAT("' ",N23, " ", O23, " ", P23), IF(AND(M22="Fixed", M23="Fixed"),_xlfn.CONCAT("and ", N23, " ", O23, " ", P23), IF(AND(M22="Fixed", M23=2),_xlfn.CONCAT( "and ( ",N23, " ", O23, " ", P23), IF(AND(M22=2, M23=2,M24 = 2),_xlfn.CONCAT( "or ",N23, " ", O23, " ", P23), IF(AND(M22=2, M23=2,M24 <> 2),_xlfn.CONCAT( "or ",N23, " ", O23, " ", P23, " ) '") ))))) -> and ( d.FirstName <> s.FirstName | R23: [StoreID] [int] NULL,
A24: SalesPersonID | B24: 1 | C24: =_xlfn.CONCAT(",",A24) -> ,SalesPersonID | D24: =_xlfn.CONCAT(",s.",A24) -> ,s.SalesPersonID | E24: SalesPersonID | F24: =_xlfn.XLOOKUP(E24,$A$20:$A$36,$B$20:$B$36,"",0) -> 1 | G24: =_xlfn.CONCAT("d.",E24) -> d.SalesPersonID | H24: =IF(F24="Fixed","=","<>") -> <> | I24: =_xlfn.CONCAT("s.",E24) -> s.SalesPersonID | J24: =IF(AND(F23<>"Fixed", F24="Fixed"),_xlfn.CONCAT("' ",G24, " ", H24, " ", I24), IF(AND(F23="Fixed", F24="Fixed"),_xlfn.CONCAT("and ", G24, " ", H24, " ", I24), IF(AND(F23="Fixed", F24=1),_xlfn.CONCAT( "and ( ",G24, " ", H24, " ", I24), IF(AND(F23=1, F24=1,F25 = 1),_xlfn.CONCAT( "or ",G24, " ", H24, " ", I24), IF(AND(F23=1, F24=1,F25 <> 1),_xlfn.CONCAT( "or ",G24, " ", H24, " ", I24, " ) '") ))))) -> or d.SalesPersonID <> s.SalesPersonID | L24: MiddleName | M24: =_xlfn.XLOOKUP(L24,$A$20:$A$36,$B$20:$B$36,"",0) -> 2 | N24: =_xlfn.CONCAT("d.",L24) -> d.MiddleName | O24: =IF(M24="Fixed","=","<>") -> <> | P24: =_xlfn.CONCAT("s.",L24) -> s.MiddleName | Q24: =IF(AND(M23<>"Fixed", M24="Fixed"),_xlfn.CONCAT("' ",N24, " ", O24, " ", P24), IF(AND(M23="Fixed", M24="Fixed"),_xlfn.CONCAT("and ", N24, " ", O24, " ", P24), IF(AND(M23="Fixed", M24=2),_xlfn.CONCAT( "and ( ",N24, " ", O24, " ", P24), IF(AND(M23=2, M24=2,M25 = 2),_xlfn.CONCAT( "or ",N24, " ", O24, " ", P24), IF(AND(M23=2, M24=2,M25 <> 2),_xlfn.CONCAT( "or ",N24, " ", O24, " ", P24, " ) '") ))))) -> or d.MiddleName <> s.MiddleName | R24: [SalesPersonID] [int] NULL,
A25: TerritoryID | B25: 1 | C25: =_xlfn.CONCAT(",",A25) -> ,TerritoryID | D25: =_xlfn.CONCAT(",s.",A25) -> ,s.TerritoryID | E25: TerritoryID | F25: =_xlfn.XLOOKUP(E25,$A$20:$A$36,$B$20:$B$36,"",0) -> 1 | G25: =_xlfn.CONCAT("d.",E25) -> d.TerritoryID | H25: =IF(F25="Fixed","=","<>") -> <> | I25: =_xlfn.CONCAT("s.",E25) -> s.TerritoryID | J25: =IF(AND(F24<>"Fixed", F25="Fixed"),_xlfn.CONCAT("' ",G25, " ", H25, " ", I25), IF(AND(F24="Fixed", F25="Fixed"),_xlfn.CONCAT("and ", G25, " ", H25, " ", I25), IF(AND(F24="Fixed", F25=1),_xlfn.CONCAT( "and ( ",G25, " ", H25, " ", I25), IF(AND(F24=1, F25=1,F26 = 1),_xlfn.CONCAT( "or ",G25, " ", H25, " ", I25), IF(AND(F24=1, F25=1,F26 <> 1),_xlfn.CONCAT( "or ",G25, " ", H25, " ", I25, " ) '") ))))) -> or d.TerritoryID <> s.TerritoryID | L25: LastName | M25: =_xlfn.XLOOKUP(L25,$A$20:$A$36,$B$20:$B$36,"",0) -> 2 | N25: =_xlfn.CONCAT("d.",L25) -> d.LastName | O25: =IF(M25="Fixed","=","<>") -> <> | P25: =_xlfn.CONCAT("s.",L25) -> s.LastName | Q25: =IF(AND(M24<>"Fixed", M25="Fixed"),_xlfn.CONCAT("' ",N25, " ", O25, " ", P25), IF(AND(M24="Fixed", M25="Fixed"),_xlfn.CONCAT("and ", N25, " ", O25, " ", P25), IF(AND(M24="Fixed", M25=2),_xlfn.CONCAT( "and ( ",N25, " ", O25, " ", P25), IF(AND(M24=2, M25=2,M26 = 2),_xlfn.CONCAT( "or ",N25, " ", O25, " ", P25), IF(AND(M24=2, M25=2,M26 <> 2),_xlfn.CONCAT( "or ",N25, " ", O25, " ", P25, " ) '") ))))) -> or d.LastName <> s.LastName ) ' | R25: [TerritoryID] [int] NULL,
A26: Title | B26: 1 | C26: =_xlfn.CONCAT(",",A26) -> ,Title | D26: =_xlfn.CONCAT(",s.",A26) -> ,s.Title | E26: Title | F26: =_xlfn.XLOOKUP(E26,$A$20:$A$36,$B$20:$B$36,"",0) -> 1 | G26: =_xlfn.CONCAT("d.",E26) -> d.Title | H26: =IF(F26="Fixed","=","<>") -> <> | I26: =_xlfn.CONCAT("s.",E26) -> s.Title | J26: =IF(AND(F25<>"Fixed", F26="Fixed"),_xlfn.CONCAT("' ",G26, " ", H26, " ", I26), IF(AND(F25="Fixed", F26="Fixed"),_xlfn.CONCAT("and ", G26, " ", H26, " ", I26), IF(AND(F25="Fixed", F26=1),_xlfn.CONCAT( "and ( ",G26, " ", H26, " ", I26), IF(AND(F25=1, F26=1,F27 = 1),_xlfn.CONCAT( "or ",G26, " ", H26, " ", I26), IF(AND(F25=1, F26=1,F27 <> 1),_xlfn.CONCAT( "or ",G26, " ", H26, " ", I26, " ) '") ))))) -> or d.Title <> s.Title | R26: [Title] [nvarchar](16) NULL,
A27: FirstName | B27: 2 | C27: =_xlfn.CONCAT(",",A27) -> ,FirstName | D27: =_xlfn.CONCAT(",s.",A27) -> ,s.FirstName | E27: StoreName | F27: =_xlfn.XLOOKUP(E27,$A$20:$A$36,$B$20:$B$36,"",0) -> 1 | G27: =_xlfn.CONCAT("d.",E27) -> d.StoreName | H27: =IF(F27="Fixed","=","<>") -> <> | I27: =_xlfn.CONCAT("s.",E27) -> s.StoreName | J27: =IF(AND(F26<>"Fixed", F27="Fixed"),_xlfn.CONCAT("' ",G27, " ", H27, " ", I27), IF(AND(F26="Fixed", F27="Fixed"),_xlfn.CONCAT("and ", G27, " ", H27, " ", I27), IF(AND(F26="Fixed", F27=1),_xlfn.CONCAT( "and ( ",G27, " ", H27, " ", I27), IF(AND(F26=1, F27=1,F28 = 1),_xlfn.CONCAT( "or ",G27, " ", H27, " ", I27), IF(AND(F26=1, F27=1,F28 <> 1),_xlfn.CONCAT( "or ",G27, " ", H27, " ", I27, " ) '") ))))) -> or d.StoreName <> s.StoreName | R27: [FirstName] [nvarchar](100) NULL,
A28: MiddleName | B28: 2 | C28: =_xlfn.CONCAT(",",A28) -> ,MiddleName | D28: =_xlfn.CONCAT(",s.",A28) -> ,s.MiddleName | E28: TerritoryName | F28: =_xlfn.XLOOKUP(E28,$A$20:$A$36,$B$20:$B$36,"",0) -> 1 | G28: =_xlfn.CONCAT("d.",E28) -> d.TerritoryName | H28: =IF(F28="Fixed","=","<>") -> <> | I28: =_xlfn.CONCAT("s.",E28) -> s.TerritoryName | J28: =IF(AND(F27<>"Fixed", F28="Fixed"),_xlfn.CONCAT("' ",G28, " ", H28, " ", I28), IF(AND(F27="Fixed", F28="Fixed"),_xlfn.CONCAT("and ", G28, " ", H28, " ", I28), IF(AND(F27="Fixed", F28=1),_xlfn.CONCAT( "and ( ",G28, " ", H28, " ", I28), IF(AND(F27=1, F28=1,F29 = 1),_xlfn.CONCAT( "or ",G28, " ", H28, " ", I28), IF(AND(F27=1, F28=1,F29 <> 1),_xlfn.CONCAT( "or ",G28, " ", H28, " ", I28, " ) '") ))))) -> or d.TerritoryName <> s.TerritoryName | R28: [MiddleName] [nvarchar](100) NULL,
A29: LastName | B29: 2 | C29: =_xlfn.CONCAT(",",A29) -> ,LastName | D29: =_xlfn.CONCAT(",s.",A29) -> ,s.LastName | E29: CountryRegionName | F29: =_xlfn.XLOOKUP(E29,$A$20:$A$36,$B$20:$B$36,"",0) -> 1 | G29: =_xlfn.CONCAT("d.",E29) -> d.CountryRegionName | H29: =IF(F29="Fixed","=","<>") -> <> | I29: =_xlfn.CONCAT("s.",E29) -> s.CountryRegionName | J29: =IF(AND(F28<>"Fixed", F29="Fixed"),_xlfn.CONCAT("' ",G29, " ", H29, " ", I29), IF(AND(F28="Fixed", F29="Fixed"),_xlfn.CONCAT("and ", G29, " ", H29, " ", I29), IF(AND(F28="Fixed", F29=1),_xlfn.CONCAT( "and ( ",G29, " ", H29, " ", I29), IF(AND(F28=1, F29=1,F30 = 1),_xlfn.CONCAT( "or ",G29, " ", H29, " ", I29), IF(AND(F28=1, F29=1,F30 <> 1),_xlfn.CONCAT( "or ",G29, " ", H29, " ", I29, " ) '") ))))) -> or d.CountryRegionName <> s.CountryRegionName | R29: [LastName] [nvarchar](100) NULL,
A30: StoreName | B30: 1 | C30: =_xlfn.CONCAT(",",A30) -> ,StoreName | D30: =_xlfn.CONCAT(",s.",A30) -> ,s.StoreName | E30: CountryRegionCode | F30: =_xlfn.XLOOKUP(E30,$A$20:$A$36,$B$20:$B$36,"",0) -> 1 | G30: =_xlfn.CONCAT("d.",E30) -> d.CountryRegionCode | H30: =IF(F30="Fixed","=","<>") -> <> | I30: =_xlfn.CONCAT("s.",E30) -> s.CountryRegionCode | J30: =IF(AND(F29<>"Fixed", F30="Fixed"),_xlfn.CONCAT("' ",G30, " ", H30, " ", I30), IF(AND(F29="Fixed", F30="Fixed"),_xlfn.CONCAT("and ", G30, " ", H30, " ", I30), IF(AND(F29="Fixed", F30=1),_xlfn.CONCAT( "and ( ",G30, " ", H30, " ", I30), IF(AND(F29=1, F30=1,F31 = 1),_xlfn.CONCAT( "or ",G30, " ", H30, " ", I30), IF(AND(F29=1, F30=1,F31 <> 1),_xlfn.CONCAT( "or ",G30, " ", H30, " ", I30, " ) '") ))))) -> or d.CountryRegionCode <> s.CountryRegionCode | R30: [StoreName] [nvarchar](100) NULL,
A31: TerritoryName | B31: 1 | C31: =_xlfn.CONCAT(",",A31) -> ,TerritoryName | D31: =_xlfn.CONCAT(",s.",A31) -> ,s.TerritoryName | E31: TerritoryGroup | F31: =_xlfn.XLOOKUP(E31,$A$20:$A$36,$B$20:$B$36,"",0) -> 1 | G31: =_xlfn.CONCAT("d.",E31) -> d.TerritoryGroup | H31: =IF(F31="Fixed","=","<>") -> <> | I31: =_xlfn.CONCAT("s.",E31) -> s.TerritoryGroup | J31: =IF(AND(F30<>"Fixed", F31="Fixed"),_xlfn.CONCAT("' ",G31, " ", H31, " ", I31), IF(AND(F30="Fixed", F31="Fixed"),_xlfn.CONCAT("and ", G31, " ", H31, " ", I31), IF(AND(F30="Fixed", F31=1),_xlfn.CONCAT( "and ( ",G31, " ", H31, " ", I31), IF(AND(F30=1, F31=1,F32 = 1),_xlfn.CONCAT( "or ",G31, " ", H31, " ", I31), IF(AND(F30=1, F31=1,F32 <> 1),_xlfn.CONCAT( "or ",G31, " ", H31, " ", I31, " ) '") ))))) -> or d.TerritoryGroup <> s.TerritoryGroup ) ' | R31: [TerritoryName] [nvarchar](100) NULL,
A32: CountryRegionName | B32: 1 | C32: =_xlfn.CONCAT(",",A32) -> ,CountryRegionName | D32: =_xlfn.CONCAT(",s.",A32) -> ,s.CountryRegionName | R32: [CountryRegionName] [nvarchar](100) NULL,
A33: CountryRegionCode | B33: 1 | C33: =_xlfn.CONCAT(",",A33) -> ,CountryRegionCode | D33: =_xlfn.CONCAT(",s.",A33) -> ,s.CountryRegionCode | R33: [CountryRegionCode] [nvarchar](6) NULL,
A34: TerritoryGroup | B34: 1 | C34: =_xlfn.CONCAT(",",A34) -> ,TerritoryGroup | D34: =_xlfn.CONCAT(",s.",A34) -> ,s.TerritoryGroup | R34: [TerritoryGroup] [nvarchar](100) NULL,
A35: ValidityDate_Start | C35: =_xlfn.CONCAT(",",A35) -> ,ValidityDate_Start | D35: =_xlfn.CONCAT(",s.",A35) -> ,s.ValidityDate_Start | R35: [ValidityDate_Start] [datetime] NULL,
A36: ValidityDate_End | C36: =_xlfn.CONCAT(",",A36) -> ,ValidityDate_End | D36: =_xlfn.CONCAT(",s.",A36) -> ,s.ValidityDate_End | R36: [ValidityDate_End] [datetime] NULL,
A37: DimProduct | C37: DimProduct | E37: DimProduct | L37: DimProduct | R37: DimProduct
A38: ProductNumber | B38: Fixed | C38: =A38 -> ProductNumber | D38: =_xlfn.CONCAT("s.",A38) -> s.ProductNumber | E38: {=_xlfn.UNIQUE(_xlfn._xlws.FILTER(A38:A60, (B38:B60=1) + (B38:B60="Fixed")))} -> ProductNumber | F38: =_xlfn.XLOOKUP(E38,$A$38:$A$60,$B$38:$B$60,"",0) -> Fixed | G38: =_xlfn.CONCAT("d.",E38) -> d.ProductNumber | H38: =IF(F38="Fixed","=","<>") -> = | I38: =_xlfn.CONCAT("s.",E38) -> s.ProductNumber | J38: =IF(AND(F37<>"Fixed", F38="Fixed"),_xlfn.CONCAT("' ",G38, " ", H38, " ", I38), IF(AND(F37="Fixed", F38="Fixed"),_xlfn.CONCAT("and ", G38, " ", H38, " ", I38), IF(AND(F37="Fixed", F38=1),_xlfn.CONCAT( "and ( ",G38, " ", H38, " ", I38), IF(AND(F37=1, F38=1,F39 = 1),_xlfn.CONCAT( "or ",G38, " ", H38, " ", I38), IF(AND(F37=1, F38=1,F39 <> 1),_xlfn.CONCAT( "or ",G38, " ", H38, " ", I38, " ) '") ))))) -> ' d.ProductNumber = s.ProductNumber | K38: {=_xlfn.TEXTJOIN(_xlfn.CONCAT(CHAR(10)," ,"), FALSE,_xlfn.ANCHORARRAY( E38) & " = " & I38:I52)} -> ProductNumber = s.ProductNumber ,ProductID = s.ProductID ,ProductCategoryID = s.ProductCategoryID ,ProductSubcategoryID = s.ProductSubcategoryID ,UnitSizeCode = s.UnitSizeCode ,UnitWeightCode = s.UnitWeightCode ,ProductName = s.ProductName ,ProductCategoryName = s.ProductCategoryName ,ProductSubcategoryName = s.ProductSubcategoryName ,ProductSize = s.ProductSize ,UnitSizeName = s.UnitSizeName ,UnitWeightName = s.UnitWeightName ,SellStartDate = s.SellStartDate ,SellEndDate = s.SellEndDate ,DiscountinuedDate = s.DiscountinuedDate | L38: {=_xlfn.UNIQUE(_xlfn._xlws.FILTER(A38:A60, (B38:B60=2) + (B38:B60="Fixed")))} -> ProductNumber | M38: =_xlfn.XLOOKUP(L38,$A$38:$A$60,$B$38:$B$60,"",0) -> Fixed | N38: =_xlfn.CONCAT("d.",L38) -> d.ProductNumber | O38: =IF(M38="Fixed","=","<>") -> = | P38: =_xlfn.CONCAT("s.",L38) -> s.ProductNumber | Q38: =IF(AND(M37<>"Fixed", M38="Fixed"),_xlfn.CONCAT("' ",N38, " ", O38, " ", P38), IF(AND(M37="Fixed", M38="Fixed"),_xlfn.CONCAT("and ", N38, " ", O38, " ", P38), IF(AND(M37="Fixed", M38=2),_xlfn.CONCAT( "and ( ",N38, " ", O38, " ", P38), IF(AND(M37=2, M38=2,M39 = 2),_xlfn.CONCAT( "or ",N38, " ", O38, " ", P38), IF(AND(M37=2, M38=2,M39 <> 2),_xlfn.CONCAT( "or ",N38, " ", O38, " ", P38, " ) '") ))))) -> ' d.ProductNumber = s.ProductNumber | R38: [ProductNumber] [nvarchar](50) NULL,
A39: ProductID | B39: Fixed | C39: =_xlfn.CONCAT(",",A39) -> ,ProductID | D39: =_xlfn.CONCAT(",s.",A39) -> ,s.ProductID | E39: ProductID | F39: =_xlfn.XLOOKUP(E39,$A$38:$A$60,$B$38:$B$60,"",0) -> Fixed | G39: =_xlfn.CONCAT("d.",E39) -> d.ProductID | H39: =IF(F39="Fixed","=","<>") -> = | I39: =_xlfn.CONCAT("s.",E39) -> s.ProductID | J39: =IF(AND(F38<>"Fixed", F39="Fixed"),_xlfn.CONCAT("' ",G39, " ", H39, " ", I39), IF(AND(F38="Fixed", F39="Fixed"),_xlfn.CONCAT("and ", G39, " ", H39, " ", I39), IF(AND(F38="Fixed", F39=1),_xlfn.CONCAT( "and ( ",G39, " ", H39, " ", I39), IF(AND(F38=1, F39=1,F40 = 1),_xlfn.CONCAT( "or ",G39, " ", H39, " ", I39), IF(AND(F38=1, F39=1,F40 <> 1),_xlfn.CONCAT( "or ",G39, " ", H39, " ", I39, " ) '") ))))) -> and d.ProductID = s.ProductID | L39: ProductID | M39: =_xlfn.XLOOKUP(L39,$A$38:$A$60,$B$38:$B$60,"",0) -> Fixed | N39: =_xlfn.CONCAT("d.",L39) -> d.ProductID | O39: =IF(M39="Fixed","=","<>") -> = | P39: =_xlfn.CONCAT("s.",L39) -> s.ProductID | Q39: =IF(AND(M38<>"Fixed", M39="Fixed"),_xlfn.CONCAT("' ",N39, " ", O39, " ", P39), IF(AND(M38="Fixed", M39="Fixed"),_xlfn.CONCAT("and ", N39, " ", O39, " ", P39), IF(AND(M38="Fixed", M39=2),_xlfn.CONCAT( "and ( ",N39, " ", O39, " ", P39), IF(AND(M38=2, M39=2,M40 = 2),_xlfn.CONCAT( "or ",N39, " ", O39, " ", P39), IF(AND(M38=2, M39=2,M40 <> 2),_xlfn.CONCAT( "or ",N39, " ", O39, " ", P39, " ) '") ))))) -> and d.ProductID = s.ProductID | R39: [ProductID] [int] NOT NULL,
A40: ProductCategoryID | B40: Fixed | C40: =_xlfn.CONCAT(",",A40) -> ,ProductCategoryID | D40: =_xlfn.CONCAT(",s.",A40) -> ,s.ProductCategoryID | E40: ProductCategoryID | F40: =_xlfn.XLOOKUP(E40,$A$38:$A$60,$B$38:$B$60,"",0) -> Fixed | G40: =_xlfn.CONCAT("d.",E40) -> d.ProductCategoryID | H40: =IF(F40="Fixed","=","<>") -> = | I40: =_xlfn.CONCAT("s.",E40) -> s.ProductCategoryID | J40: =IF(AND(F39<>"Fixed", F40="Fixed"),_xlfn.CONCAT("' ",G40, " ", H40, " ", I40), IF(AND(F39="Fixed", F40="Fixed"),_xlfn.CONCAT("and ", G40, " ", H40, " ", I40), IF(AND(F39="Fixed", F40=1),_xlfn.CONCAT( "and ( ",G40, " ", H40, " ", I40), IF(AND(F39=1, F40=1,F41 = 1),_xlfn.CONCAT( "or ",G40, " ", H40, " ", I40), IF(AND(F39=1, F40=1,F41 <> 1),_xlfn.CONCAT( "or ",G40, " ", H40, " ", I40, " ) '") ))))) -> and d.ProductCategoryID = s.ProductCategoryID | L40: ProductCategoryID | M40: =_xlfn.XLOOKUP(L40,$A$38:$A$60,$B$38:$B$60,"",0) -> Fixed | N40: =_xlfn.CONCAT("d.",L40) -> d.ProductCategoryID | O40: =IF(M40="Fixed","=","<>") -> = | P40: =_xlfn.CONCAT("s.",L40) -> s.ProductCategoryID | Q40: =IF(AND(M39<>"Fixed", M40="Fixed"),_xlfn.CONCAT("' ",N40, " ", O40, " ", P40), IF(AND(M39="Fixed", M40="Fixed"),_xlfn.CONCAT("and ", N40, " ", O40, " ", P40), IF(AND(M39="Fixed", M40=2),_xlfn.CONCAT( "and ( ",N40, " ", O40, " ", P40), IF(AND(M39=2, M40=2,M41 = 2),_xlfn.CONCAT( "or ",N40, " ", O40, " ", P40), IF(AND(M39=2, M40=2,M41 <> 2),_xlfn.CONCAT( "or ",N40, " ", O40, " ", P40, " ) '") ))))) -> and d.ProductCategoryID = s.ProductCategoryID | R40: [ProductCategoryID] [int] NULL,
A41: ProductSubcategoryID | B41: Fixed | C41: =_xlfn.CONCAT(",",A41) -> ,ProductSubcategoryID | D41: =_xlfn.CONCAT(",s.",A41) -> ,s.ProductSubcategoryID | E41: ProductSubcategoryID | F41: =_xlfn.XLOOKUP(E41,$A$38:$A$60,$B$38:$B$60,"",0) -> Fixed | G41: =_xlfn.CONCAT("d.",E41) -> d.ProductSubcategoryID | H41: =IF(F41="Fixed","=","<>") -> = | I41: =_xlfn.CONCAT("s.",E41) -> s.ProductSubcategoryID | J41: =IF(AND(F40<>"Fixed", F41="Fixed"),_xlfn.CONCAT("' ",G41, " ", H41, " ", I41), IF(AND(F40="Fixed", F41="Fixed"),_xlfn.CONCAT("and ", G41, " ", H41, " ", I41), IF(AND(F40="Fixed", F41=1),_xlfn.CONCAT( "and ( ",G41, " ", H41, " ", I41), IF(AND(F40=1, F41=1,F42 = 1),_xlfn.CONCAT( "or ",G41, " ", H41, " ", I41), IF(AND(F40=1, F41=1,F42 <> 1),_xlfn.CONCAT( "or ",G41, " ", H41, " ", I41, " ) '") ))))) -> and d.ProductSubcategoryID = s.ProductSubcategoryID | L41: ProductSubcategoryID | M41: =_xlfn.XLOOKUP(L41,$A$38:$A$60,$B$38:$B$60,"",0) -> Fixed | N41: =_xlfn.CONCAT("d.",L41) -> d.ProductSubcategoryID | O41: =IF(M41="Fixed","=","<>") -> = | P41: =_xlfn.CONCAT("s.",L41) -> s.ProductSubcategoryID | Q41: =IF(AND(M40<>"Fixed", M41="Fixed"),_xlfn.CONCAT("' ",N41, " ", O41, " ", P41), IF(AND(M40="Fixed", M41="Fixed"),_xlfn.CONCAT("and ", N41, " ", O41, " ", P41), IF(AND(M40="Fixed", M41=2),_xlfn.CONCAT( "and ( ",N41, " ", O41, " ", P41), IF(AND(M40=2, M41=2,M44 = 2),_xlfn.CONCAT( "or ",N41, " ", O41, " ", P41), IF(AND(M40=2, M41=2,M44 <> 2),_xlfn.CONCAT( "or ",N41, " ", O41, " ", P41, " ) '") ))))) -> and d.ProductSubcategoryID = s.ProductSubcategoryID | R41: [ProductSubcategoryID] [int] NULL,
A42: UnitSizeCode | B42: Fixed | C42: =_xlfn.CONCAT(",",A42) -> ,UnitSizeCode | D42: =_xlfn.CONCAT(",s.",A42) -> ,s.UnitSizeCode | E42: UnitSizeCode | F42: =_xlfn.XLOOKUP(E42,$A$38:$A$60,$B$38:$B$60,"",0) -> Fixed | G42: =_xlfn.CONCAT("d.",E42) -> d.UnitSizeCode | H42: =IF(F42="Fixed","=","<>") -> = | I42: =_xlfn.CONCAT("s.",E42) -> s.UnitSizeCode | J42: =IF(AND(F41<>"Fixed", F42="Fixed"),_xlfn.CONCAT("' ",G42, " ", H42, " ", I42), IF(AND(F41="Fixed", F42="Fixed"),_xlfn.CONCAT("and ", G42, " ", H42, " ", I42), IF(AND(F41="Fixed", F42=1),_xlfn.CONCAT( "and ( ",G42, " ", H42, " ", I42), IF(AND(F41=1, F42=1,F43 = 1),_xlfn.CONCAT( "or ",G42, " ", H42, " ", I42), IF(AND(F41=1, F42=1,F43 <> 1),_xlfn.CONCAT( "or ",G42, " ", H42, " ", I42, " ) '") ))))) -> and d.UnitSizeCode = s.UnitSizeCode | L42: UnitSizeCode | M42: =_xlfn.XLOOKUP(L42,$A$38:$A$60,$B$38:$B$60,"",0) -> Fixed | N42: =_xlfn.CONCAT("d.",L42) -> d.UnitSizeCode | O42: =IF(M42="Fixed","=","<>") -> = | P42: =_xlfn.CONCAT("s.",L42) -> s.UnitSizeCode | Q42: =IF(AND(M41<>"Fixed", M42="Fixed"),_xlfn.CONCAT("' ",N42, " ", O42, " ", P42), IF(AND(M41="Fixed", M42="Fixed"),_xlfn.CONCAT("and ", N42, " ", O42, " ", P42), IF(AND(M41="Fixed", M42=2),_xlfn.CONCAT( "and ( ",N42, " ", O42, " ", P42), IF(AND(M41=2, M42=2,M45 = 2),_xlfn.CONCAT( "or ",N42, " ", O42, " ", P42), IF(AND(M41=2, M42=2,M45 <> 2),_xlfn.CONCAT( "or ",N42, " ", O42, " ", P42, " ) '") ))))) -> and d.UnitSizeCode = s.UnitSizeCode | R42: [UnitSizeCode] [nchar](6) NULL,
A43: UnitWeightCode | B43: Fixed | C43: =_xlfn.CONCAT(",",A43) -> ,UnitWeightCode | D43: =_xlfn.CONCAT(",s.",A43) -> ,s.UnitWeightCode | E43: UnitWeightCode | F43: =_xlfn.XLOOKUP(E43,$A$38:$A$60,$B$38:$B$60,"",0) -> Fixed | G43: =_xlfn.CONCAT("d.",E43) -> d.UnitWeightCode | H43: =IF(F43="Fixed","=","<>") -> = | I43: =_xlfn.CONCAT("s.",E43) -> s.UnitWeightCode | J43: =IF(AND(F42<>"Fixed", F43="Fixed"),_xlfn.CONCAT("' ",G43, " ", H43, " ", I43), IF(AND(F42="Fixed", F43="Fixed"),_xlfn.CONCAT("and ", G43, " ", H43, " ", I43), IF(AND(F42="Fixed", F43=1),_xlfn.CONCAT( "and ( ",G43, " ", H43, " ", I43), IF(AND(F42=1, F43=1,F44 = 1),_xlfn.CONCAT( "or ",G43, " ", H43, " ", I43), IF(AND(F42=1, F43=1,F44 <> 1),_xlfn.CONCAT( "or ",G43, " ", H43, " ", I43, " ) '") ))))) -> and d.UnitWeightCode = s.UnitWeightCode | L43: UnitWeightCode | M43: =_xlfn.XLOOKUP(L43,$A$38:$A$60,$B$38:$B$60,"",0) -> Fixed | N43: =_xlfn.CONCAT("d.",L43) -> d.UnitWeightCode | O43: =IF(M43="Fixed","=","<>") -> = | P43: =_xlfn.CONCAT("s.",L43) -> s.UnitWeightCode | Q43: =IF(AND(M42<>"Fixed", M43="Fixed"),_xlfn.CONCAT("' ",N43, " ", O43, " ", P43), IF(AND(M42="Fixed", M43="Fixed"),_xlfn.CONCAT("and ", N43, " ", O43, " ", P43), IF(AND(M42="Fixed", M43=2),_xlfn.CONCAT( "and ( ",N43, " ", O43, " ", P43), IF(AND(M42=2, M43=2,M46 = 2),_xlfn.CONCAT( "or ",N43, " ", O43, " ", P43), IF(AND(M42=2, M43=2,M46 <> 2),_xlfn.CONCAT( "or ",N43, " ", O43, " ", P43, " ) '") ))))) -> and d.UnitWeightCode = s.UnitWeightCode | R43: [UnitWeightCode] [nchar](6) NULL,
A44: ProductName | B44: 1 | C44: =_xlfn.CONCAT(",",A44) -> ,ProductName | D44: =_xlfn.CONCAT(",s.",A44) -> ,s.ProductName | E44: ProductName | F44: =_xlfn.XLOOKUP(E44,$A$38:$A$60,$B$38:$B$60,"",0) -> 1 | G44: =_xlfn.CONCAT("d.",E44) -> d.ProductName | H44: =IF(F44="Fixed","=","<>") -> <> | I44: =_xlfn.CONCAT("s.",E44) -> s.ProductName | J44: =IF(AND(F43<>"Fixed", F44="Fixed"),_xlfn.CONCAT("' ",G44, " ", H44, " ", I44), IF(AND(F43="Fixed", F44="Fixed"),_xlfn.CONCAT("and ", G44, " ", H44, " ", I44), IF(AND(F43="Fixed", F44=1),_xlfn.CONCAT( "and ( ",G44, " ", H44, " ", I44), IF(AND(F43=1, F44=1,F45 = 1),_xlfn.CONCAT( "or ",G44, " ", H44, " ", I44), IF(AND(F43=1, F44=1,F45 <> 1),_xlfn.CONCAT( "or ",G44, " ", H44, " ", I44, " ) '") ))))) -> and ( d.ProductName <> s.ProductName | L44: ProductColor | M44: =_xlfn.XLOOKUP(L44,$A$38:$A$60,$B$38:$B$60,"",0) -> 2 | N44: =_xlfn.CONCAT("d.",L44) -> d.ProductColor | O44: =IF(M44="Fixed","=","<>") -> <> | P44: =_xlfn.CONCAT("s.",L44) -> s.ProductColor | Q44: =IF(AND(M41<>"Fixed", M44="Fixed"),_xlfn.CONCAT("' ",N44, " ", O44, " ", P44), IF(AND(M41="Fixed", M44="Fixed"),_xlfn.CONCAT("and ", N44, " ", O44, " ", P44), IF(AND(M41="Fixed", M44=2),_xlfn.CONCAT( "and ( ",N44, " ", O44, " ", P44), IF(AND(M41=2, M44=2,M45 = 2),_xlfn.CONCAT( "or ",N44, " ", O44, " ", P44), IF(AND(M41=2, M44=2,M45 <> 2),_xlfn.CONCAT( "or ",N44, " ", O44, " ", P44, " ) '") ))))) -> and ( d.ProductColor <> s.ProductColor | R44: [ProductName] [nvarchar](100) NULL,
A45: ProductCategoryName | B45: 1 | C45: =_xlfn.CONCAT(",",A45) -> ,ProductCategoryName | D45: =_xlfn.CONCAT(",s.",A45) -> ,s.ProductCategoryName | E45: ProductCategoryName | F45: =_xlfn.XLOOKUP(E45,$A$38:$A$60,$B$38:$B$60,"",0) -> 1 | G45: =_xlfn.CONCAT("d.",E45) -> d.ProductCategoryName | H45: =IF(F45="Fixed","=","<>") -> <> | I45: =_xlfn.CONCAT("s.",E45) -> s.ProductCategoryName | J45: =IF(AND(F44<>"Fixed", F45="Fixed"),_xlfn.CONCAT("' ",G45, " ", H45, " ", I45), IF(AND(F44="Fixed", F45="Fixed"),_xlfn.CONCAT("and ", G45, " ", H45, " ", I45), IF(AND(F44="Fixed", F45=1),_xlfn.CONCAT( "and ( ",G45, " ", H45, " ", I45), IF(AND(F44=1, F45=1,F46 = 1),_xlfn.CONCAT( "or ",G45, " ", H45, " ", I45), IF(AND(F44=1, F45=1,F46 <> 1),_xlfn.CONCAT( "or ",G45, " ", H45, " ", I45, " ) '") ))))) -> or d.ProductCategoryName <> s.ProductCategoryName | L45: ProductStyle | M45: =_xlfn.XLOOKUP(L45,$A$38:$A$60,$B$38:$B$60,"",0) -> 2 | N45: =_xlfn.CONCAT("d.",L45) -> d.ProductStyle | O45: =IF(M45="Fixed","=","<>") -> <> | P45: =_xlfn.CONCAT("s.",L45) -> s.ProductStyle | Q45: =IF(AND(M44<>"Fixed", M45="Fixed"),_xlfn.CONCAT("' ",N45, " ", O45, " ", P45), IF(AND(M44="Fixed", M45="Fixed"),_xlfn.CONCAT("and ", N45, " ", O45, " ", P45), IF(AND(M44="Fixed", M45=2),_xlfn.CONCAT( "and ( ",N45, " ", O45, " ", P45), IF(AND(M44=2, M45=2,M46 = 2),_xlfn.CONCAT( "or ",N45, " ", O45, " ", P45), IF(AND(M44=2, M45=2,M46 <> 2),_xlfn.CONCAT( "or ",N45, " ", O45, " ", P45, " ) '") ))))) -> or d.ProductStyle <> s.ProductStyle | R45: [ProductCategoryName] [nvarchar](100) NULL,
A46: ProductSubcategoryName | B46: 1 | C46: =_xlfn.CONCAT(",",A46) -> ,ProductSubcategoryName | D46: =_xlfn.CONCAT(",s.",A46) -> ,s.ProductSubcategoryName | E46: ProductSubcategoryName | F46: =_xlfn.XLOOKUP(E46,$A$38:$A$60,$B$38:$B$60,"",0) -> 1 | G46: =_xlfn.CONCAT("d.",E46) -> d.ProductSubcategoryName | H46: =IF(F46="Fixed","=","<>") -> <> | I46: =_xlfn.CONCAT("s.",E46) -> s.ProductSubcategoryName | J46: =IF(AND(F45<>"Fixed", F46="Fixed"),_xlfn.CONCAT("' ",G46, " ", H46, " ", I46), IF(AND(F45="Fixed", F46="Fixed"),_xlfn.CONCAT("and ", G46, " ", H46, " ", I46), IF(AND(F45="Fixed", F46=1),_xlfn.CONCAT( "and ( ",G46, " ", H46, " ", I46), IF(AND(F45=1, F46=1,F47 = 1),_xlfn.CONCAT( "or ",G46, " ", H46, " ", I46), IF(AND(F45=1, F46=1,F47 <> 1),_xlfn.CONCAT( "or ",G46, " ", H46, " ", I46, " ) '") ))))) -> or d.ProductSubcategoryName <> s.ProductSubcategoryName | L46: ProductLine | M46: =_xlfn.XLOOKUP(L46,$A$38:$A$60,$B$38:$B$60,"",0) -> 2 | N46: =_xlfn.CONCAT("d.",L46) -> d.ProductLine | O46: =IF(M46="Fixed","=","<>") -> <> | P46: =_xlfn.CONCAT("s.",L46) -> s.ProductLine | Q46: =IF(AND(M45<>"Fixed", M46="Fixed"),_xlfn.CONCAT("' ",N46, " ", O46, " ", P46), IF(AND(M45="Fixed", M46="Fixed"),_xlfn.CONCAT("and ", N46, " ", O46, " ", P46), IF(AND(M45="Fixed", M46=2),_xlfn.CONCAT( "and ( ",N46, " ", O46, " ", P46), IF(AND(M45=2, M46=2,M47 = 2),_xlfn.CONCAT( "or ",N46, " ", O46, " ", P46), IF(AND(M45=2, M46=2,M47 <> 2),_xlfn.CONCAT( "or ",N46, " ", O46, " ", P46, " ) '") ))))) -> or d.ProductLine <> s.ProductLine | R46: [ProductSubcategoryName] [nvarchar](100) NULL,
A47: ProductColor | B47: 2 | C47: =_xlfn.CONCAT(",",A47) -> ,ProductColor | D47: =_xlfn.CONCAT(",s.",A47) -> ,s.ProductColor | E47: ProductSize | F47: =_xlfn.XLOOKUP(E47,$A$38:$A$60,$B$38:$B$60,"",0) -> 1 | G47: =_xlfn.CONCAT("d.",E47) -> d.ProductSize | H47: =IF(F47="Fixed","=","<>") -> <> | I47: =_xlfn.CONCAT("s.",E47) -> s.ProductSize | J47: =IF(AND(F46<>"Fixed", F47="Fixed"),_xlfn.CONCAT("' ",G47, " ", H47, " ", I47), IF(AND(F46="Fixed", F47="Fixed"),_xlfn.CONCAT("and ", G47, " ", H47, " ", I47), IF(AND(F46="Fixed", F47=1),_xlfn.CONCAT( "and ( ",G47, " ", H47, " ", I47), IF(AND(F46=1, F47=1,F48 = 1),_xlfn.CONCAT( "or ",G47, " ", H47, " ", I47), IF(AND(F46=1, F47=1,F48 <> 1),_xlfn.CONCAT( "or ",G47, " ", H47, " ", I47, " ) '") ))))) -> or d.ProductSize <> s.ProductSize | L47: StandardCost | M47: =_xlfn.XLOOKUP(L47,$A$38:$A$60,$B$38:$B$60,"",0) -> 2 | N47: =_xlfn.CONCAT("d.",L47) -> d.StandardCost | O47: =IF(M47="Fixed","=","<>") -> <> | P47: =_xlfn.CONCAT("s.",L47) -> s.StandardCost | Q47: =IF(AND(M46<>"Fixed", M47="Fixed"),_xlfn.CONCAT("' ",N47, " ", O47, " ", P47), IF(AND(M46="Fixed", M47="Fixed"),_xlfn.CONCAT("and ", N47, " ", O47, " ", P47), IF(AND(M46="Fixed", M47=2),_xlfn.CONCAT( "and ( ",N47, " ", O47, " ", P47), IF(AND(M46=2, M47=2,M48 = 2),_xlfn.CONCAT( "or ",N47, " ", O47, " ", P47), IF(AND(M46=2, M47=2,M48 <> 2),_xlfn.CONCAT( "or ",N47, " ", O47, " ", P47, " ) '") ))))) -> or d.StandardCost <> s.StandardCost | R47: [ProductColor] [nvarchar](30) NULL,
A48: ProductStyle | B48: 2 | C48: =_xlfn.CONCAT(",",A48) -> ,ProductStyle | D48: =_xlfn.CONCAT(",s.",A48) -> ,s.ProductStyle | E48: UnitSizeName | F48: =_xlfn.XLOOKUP(E48,$A$38:$A$60,$B$38:$B$60,"",0) -> 1 | G48: =_xlfn.CONCAT("d.",E48) -> d.UnitSizeName | H48: =IF(F48="Fixed","=","<>") -> <> | I48: =_xlfn.CONCAT("s.",E48) -> s.UnitSizeName | J48: =IF(AND(F47<>"Fixed", F48="Fixed"),_xlfn.CONCAT("' ",G48, " ", H48, " ", I48), IF(AND(F47="Fixed", F48="Fixed"),_xlfn.CONCAT("and ", G48, " ", H48, " ", I48), IF(AND(F47="Fixed", F48=1),_xlfn.CONCAT( "and ( ",G48, " ", H48, " ", I48), IF(AND(F47=1, F48=1,F49 = 1),_xlfn.CONCAT( "or ",G48, " ", H48, " ", I48), IF(AND(F47=1, F48=1,F49 <> 1),_xlfn.CONCAT( "or ",G48, " ", H48, " ", I48, " ) '") ))))) -> or d.UnitSizeName <> s.UnitSizeName | L48: ListPrice | M48: =_xlfn.XLOOKUP(L48,$A$38:$A$60,$B$38:$B$60,"",0) -> 2 | N48: =_xlfn.CONCAT("d.",L48) -> d.ListPrice | O48: =IF(M48="Fixed","=","<>") -> <> | P48: =_xlfn.CONCAT("s.",L48) -> s.ListPrice | Q48: =IF(AND(M47<>"Fixed", M48="Fixed"),_xlfn.CONCAT("' ",N48, " ", O48, " ", P48), IF(AND(M47="Fixed", M48="Fixed"),_xlfn.CONCAT("and ", N48, " ", O48, " ", P48), IF(AND(M47="Fixed", M48=2),_xlfn.CONCAT( "and ( ",N48, " ", O48, " ", P48), IF(AND(M47=2, M48=2,M49 = 2),_xlfn.CONCAT( "or ",N48, " ", O48, " ", P48), IF(AND(M47=2, M48=2,M49 <> 2),_xlfn.CONCAT( "or ",N48, " ", O48, " ", P48, " ) '") ))))) -> or d.ListPrice <> s.ListPrice | R48: [ProductStyle] [nchar](4) NULL,
A49: ProductLine | B49: 2 | C49: =_xlfn.CONCAT(",",A49) -> ,ProductLine | D49: =_xlfn.CONCAT(",s.",A49) -> ,s.ProductLine | E49: UnitWeightName | F49: =_xlfn.XLOOKUP(E49,$A$38:$A$60,$B$38:$B$60,"",0) -> 1 | G49: =_xlfn.CONCAT("d.",E49) -> d.UnitWeightName | H49: =IF(F49="Fixed","=","<>") -> <> | I49: =_xlfn.CONCAT("s.",E49) -> s.UnitWeightName | J49: =IF(AND(F48<>"Fixed", F49="Fixed"),_xlfn.CONCAT("' ",G49, " ", H49, " ", I49), IF(AND(F48="Fixed", F49="Fixed"),_xlfn.CONCAT("and ", G49, " ", H49, " ", I49), IF(AND(F48="Fixed", F49=1),_xlfn.CONCAT( "and ( ",G49, " ", H49, " ", I49), IF(AND(F48=1, F49=1,F50 = 1),_xlfn.CONCAT( "or ",G49, " ", H49, " ", I49), IF(AND(F48=1, F49=1,F50 <> 1),_xlfn.CONCAT( "or ",G49, " ", H49, " ", I49, " ) '") ))))) -> or d.UnitWeightName <> s.UnitWeightName | L49: ProductWeight | M49: =_xlfn.XLOOKUP(L49,$A$38:$A$60,$B$38:$B$60,"",0) -> 2 | N49: =_xlfn.CONCAT("d.",L49) -> d.ProductWeight | O49: =IF(M49="Fixed","=","<>") -> <> | P49: =_xlfn.CONCAT("s.",L49) -> s.ProductWeight | Q49: =IF(AND(M48<>"Fixed", M49="Fixed"),_xlfn.CONCAT("' ",N49, " ", O49, " ", P49), IF(AND(M48="Fixed", M49="Fixed"),_xlfn.CONCAT("and ", N49, " ", O49, " ", P49), IF(AND(M48="Fixed", M49=2),_xlfn.CONCAT( "and ( ",N49, " ", O49, " ", P49), IF(AND(M48=2, M49=2,M50 = 2),_xlfn.CONCAT( "or ",N49, " ", O49, " ", P49), IF(AND(M48=2, M49=2,M50 <> 2),_xlfn.CONCAT( "or ",N49, " ", O49, " ", P49, " ) '") ))))) -> or d.ProductWeight <> s.ProductWeight ) ' | R49: [ProductLine] [nchar](4) NULL,
A50: StandardCost | B50: 2 | C50: =_xlfn.CONCAT(",",A50) -> ,StandardCost | D50: =_xlfn.CONCAT(",s.",A50) -> ,s.StandardCost | E50: SellStartDate | F50: =_xlfn.XLOOKUP(E50,$A$38:$A$60,$B$38:$B$60,"",0) -> 1 | G50: =_xlfn.CONCAT("d.",E50) -> d.SellStartDate | H50: =IF(F50="Fixed","=","<>") -> <> | I50: =_xlfn.CONCAT("s.",E50) -> s.SellStartDate | J50: =IF(AND(F49<>"Fixed", F50="Fixed"),_xlfn.CONCAT("' ",G50, " ", H50, " ", I50), IF(AND(F49="Fixed", F50="Fixed"),_xlfn.CONCAT("and ", G50, " ", H50, " ", I50), IF(AND(F49="Fixed", F50=1),_xlfn.CONCAT( "and ( ",G50, " ", H50, " ", I50), IF(AND(F49=1, F50=1,F51 = 1),_xlfn.CONCAT( "or ",G50, " ", H50, " ", I50), IF(AND(F49=1, F50=1,F51 <> 1),_xlfn.CONCAT( "or ",G50, " ", H50, " ", I50, " ) '") ))))) -> or d.SellStartDate <> s.SellStartDate | R50: [StandardCost] [money] NULL,
A51: ListPrice | B51: 2 | C51: =_xlfn.CONCAT(",",A51) -> ,ListPrice | D51: =_xlfn.CONCAT(",s.",A51) -> ,s.ListPrice | E51: SellEndDate | F51: =_xlfn.XLOOKUP(E51,$A$38:$A$60,$B$38:$B$60,"",0) -> 1 | G51: =_xlfn.CONCAT("d.",E51) -> d.SellEndDate | H51: =IF(F51="Fixed","=","<>") -> <> | I51: =_xlfn.CONCAT("s.",E51) -> s.SellEndDate | J51: =IF(AND(F50<>"Fixed", F51="Fixed"),_xlfn.CONCAT("' ",G51, " ", H51, " ", I51), IF(AND(F50="Fixed", F51="Fixed"),_xlfn.CONCAT("and ", G51, " ", H51, " ", I51), IF(AND(F50="Fixed", F51=1),_xlfn.CONCAT( "and ( ",G51, " ", H51, " ", I51), IF(AND(F50=1, F51=1,F52 = 1),_xlfn.CONCAT( "or ",G51, " ", H51, " ", I51), IF(AND(F50=1, F51=1,F52 <> 1),_xlfn.CONCAT( "or ",G51, " ", H51, " ", I51, " ) '") ))))) -> or d.SellEndDate <> s.SellEndDate | R51: [ListPrice] [money] NULL,
A52: ProductSize | B52: 1 | C52: =_xlfn.CONCAT(",",A52) -> ,ProductSize | D52: =_xlfn.CONCAT(",s.",A52) -> ,s.ProductSize | E52: DiscountinuedDate | F52: =_xlfn.XLOOKUP(E52,$A$38:$A$60,$B$38:$B$60,"",0) -> 1 | G52: =_xlfn.CONCAT("d.",E52) -> d.DiscountinuedDate | H52: =IF(F52="Fixed","=","<>") -> <> | I52: =_xlfn.CONCAT("s.",E52) -> s.DiscountinuedDate | J52: =IF(AND(F51<>"Fixed", F52="Fixed"),_xlfn.CONCAT("' ",G52, " ", H52, " ", I52), IF(AND(F51="Fixed", F52="Fixed"),_xlfn.CONCAT("and ", G52, " ", H52, " ", I52), IF(AND(F51="Fixed", F52=1),_xlfn.CONCAT( "and ( ",G52, " ", H52, " ", I52), IF(AND(F51=1, F52=1,E53 = 1),_xlfn.CONCAT( "or ",G52, " ", H52, " ", I52), IF(AND(F51=1, F52=1,E53 <> 1),_xlfn.CONCAT( "or ",G52, " ", H52, " ", I52, " ) '") ))))) -> or d.DiscountinuedDate <> s.DiscountinuedDate ) ' | R52: [ProductSize] [nvarchar](10) NULL,
A53: UnitSizeName | B53: 1 | C53: =_xlfn.CONCAT(",",A53) -> ,UnitSizeName | D53: =_xlfn.CONCAT(",s.",A53) -> ,s.UnitSizeName | R53: [UnitSizeName] [nvarchar](100) NULL,
A54: ProductWeight | B54: 2 | C54: =_xlfn.CONCAT(",",A54) -> ,ProductWeight | D54: =_xlfn.CONCAT(",s.",A54) -> ,s.ProductWeight | R54: [ProductWeight] [decimal](8, 2) NULL,
A55: UnitWeightName | B55: 1 | C55: =_xlfn.CONCAT(",",A55) -> ,UnitWeightName | D55: =_xlfn.CONCAT(",s.",A55) -> ,s.UnitWeightName | R55: [UnitWeightName] [nvarchar](100) NULL,
A56: SellStartDate | B56: 1 | C56: =_xlfn.CONCAT(",",A56) -> ,SellStartDate | D56: =_xlfn.CONCAT(",s.",A56) -> ,s.SellStartDate | R56: [SellStartDate] [datetime] NULL,
A57: SellEndDate | B57: 1 | C57: =_xlfn.CONCAT(",",A57) -> ,SellEndDate | D57: =_xlfn.CONCAT(",s.",A57) -> ,s.SellEndDate | R57: [SellEndDate] [datetime] NULL,
A58: DiscountinuedDate | B58: 1 | C58: =_xlfn.CONCAT(",",A58) -> ,DiscountinuedDate | D58: =_xlfn.CONCAT(",s.",A58) -> ,s.DiscountinuedDate | R58: [DiscountinuedDate] [datetime] NULL,
A59: ValidityDate_Start | C59: =_xlfn.CONCAT(",",A59) -> ,ValidityDate_Start | D59: =_xlfn.CONCAT(",s.",A59) -> ,s.ValidityDate_Start | R59: [ValidityDate_Start] [datetime] NULL,
A60: ValidityDate_End | C60: =_xlfn.CONCAT(",",A60) -> ,ValidityDate_End | D60: =_xlfn.CONCAT(",s.",A60) -> ,s.ValidityDate_End | R60: [ValidityDate_End] [datetime] NULL,
A61: DimSalesPerson | C61: DimSalesPerson | E61: DimSalesPerson | L61: DimSalesPerson | R61: DimSalesPerson
A62: SalesPersonID | B62: Fixed | C62: =A62 -> SalesPersonID | D62: =_xlfn.CONCAT("s.",A62) -> s.SalesPersonID | E62: {=_xlfn.UNIQUE(_xlfn._xlws.FILTER(A62:A75, (B62:B75=1) + (B62:B75="Fixed")))} -> SalesPersonID | F62: =_xlfn.XLOOKUP(E62,$A$62:$A$75,$B$62:$B$75,"",0) -> Fixed | G62: =_xlfn.CONCAT("d.",E62) -> d.SalesPersonID | H62: =IF(F62="Fixed","=","<>") -> = | I62: =_xlfn.CONCAT("s.",E62) -> s.SalesPersonID | J62: =IF(AND(F61<>"Fixed", F62="Fixed"),_xlfn.CONCAT("' ",G62, " ", H62, " ", I62), IF(AND(F61="Fixed", F62="Fixed"),_xlfn.CONCAT("and ", G62, " ", H62, " ", I62), IF(AND(F61="Fixed", F62=1),_xlfn.CONCAT( "and ( ",G62, " ", H62, " ", I62), IF(AND(F61=1, F62=1,F63 = 1),_xlfn.CONCAT( "or ",G62, " ", H62, " ", I62), IF(AND(F61=1, F62=1,F63 <> 1),_xlfn.CONCAT( "or ",G62, " ", H62, " ", I62, " ) '") ))))) -> ' d.SalesPersonID = s.SalesPersonID | K62: {=_xlfn.TEXTJOIN(_xlfn.CONCAT(CHAR(10)," ,"), FALSE,_xlfn.ANCHORARRAY( E62) & " = " & I62:I67)} -> SalesPersonID = s.SalesPersonID ,PersonType = s.PersonType ,Title = s.Title ,OrganizationLevel = s.OrganizationLevel ,JobTitle = s.JobTitle ,TerritoryID = s.TerritoryID | L62: {=_xlfn.UNIQUE(_xlfn._xlws.FILTER(A62:A75, (B62:B75=2) + (B62:B75="Fixed")))} -> SalesPersonID | M62: =_xlfn.XLOOKUP(L62,$A$62:$A$75,$B$62:$B$75,"",0) -> Fixed | N62: =_xlfn.CONCAT("d.",L62) -> d.SalesPersonID | O62: =IF(M62="Fixed","=","<>") -> = | P62: =_xlfn.CONCAT("s.",L62) -> s.SalesPersonID | Q62: =IF(AND(M61<>"Fixed", M62="Fixed"),_xlfn.CONCAT("' ",N62, " ", O62, " ", P62), IF(AND(M61="Fixed", M62="Fixed"),_xlfn.CONCAT("and ", N62, " ", O62, " ", P62), IF(AND(M61="Fixed", M62=2),_xlfn.CONCAT( "and ( ",N62, " ", O62, " ", P62), IF(AND(M61=2, M62=2,M63 = 2),_xlfn.CONCAT( "or ",N62, " ", O62, " ", P62), IF(AND(M61=2, M62=2,M63 <> 2),_xlfn.CONCAT( "or ",N62, " ", O62, " ", P62, " ) '") ))))) -> ' d.SalesPersonID = s.SalesPersonID | R62: [SalesPersonID] [int] NOT NULL,
A63: PersonType | B63: Fixed | C63: =_xlfn.CONCAT(",",A63) -> ,PersonType | D63: =_xlfn.CONCAT(",s.",A63) -> ,s.PersonType | E63: PersonType | F63: =_xlfn.XLOOKUP(E63,$A$62:$A$75,$B$62:$B$75,"",0) -> Fixed | G63: =_xlfn.CONCAT("d.",E63) -> d.PersonType | H63: =IF(F63="Fixed","=","<>") -> = | I63: =_xlfn.CONCAT("s.",E63) -> s.PersonType | J63: =IF(AND(F62<>"Fixed", F63="Fixed"),_xlfn.CONCAT("' ",G63, " ", H63, " ", I63), IF(AND(F62="Fixed", F63="Fixed"),_xlfn.CONCAT("and ", G63, " ", H63, " ", I63), IF(AND(F62="Fixed", F63=1),_xlfn.CONCAT( "and ( ",G63, " ", H63, " ", I63), IF(AND(F62=1, F63=1,F64 = 1),_xlfn.CONCAT( "or ",G63, " ", H63, " ", I63), IF(AND(F62=1, F63=1,F64 <> 1),_xlfn.CONCAT( "or ",G63, " ", H63, " ", I63, " ) '") ))))) -> and d.PersonType = s.PersonType | L63: PersonType | M63: =_xlfn.XLOOKUP(L63,$A$62:$A$75,$B$62:$B$75,"",0) -> Fixed | N63: =_xlfn.CONCAT("d.",L63) -> d.PersonType | O63: =IF(M63="Fixed","=","<>") -> = | P63: =_xlfn.CONCAT("s.",L63) -> s.PersonType | Q63: =IF(AND(M62<>"Fixed", M63="Fixed"),_xlfn.CONCAT("' ",N63, " ", O63, " ", P63), IF(AND(M62="Fixed", M63="Fixed"),_xlfn.CONCAT("and ", N63, " ", O63, " ", P63), IF(AND(M62="Fixed", M63=2),_xlfn.CONCAT( "and ( ",N63, " ", O63, " ", P63), IF(AND(M62=2, M63=2,M64 = 2),_xlfn.CONCAT( "or ",N63, " ", O63, " ", P63), IF(AND(M62=2, M63=2,M64 <> 2),_xlfn.CONCAT( "or ",N63, " ", O63, " ", P63, " ) '") ))))) -> and d.PersonType = s.PersonType | R63: [PersonType] [nchar](4) NULL,
A64: Title | B64: 1 | C64: =_xlfn.CONCAT(",",A64) -> ,Title | D64: =_xlfn.CONCAT(",s.",A64) -> ,s.Title | E64: Title | F64: =_xlfn.XLOOKUP(E64,$A$62:$A$75,$B$62:$B$75,"",0) -> 1 | G64: =_xlfn.CONCAT("d.",E64) -> d.Title | H64: =IF(F64="Fixed","=","<>") -> <> | I64: =_xlfn.CONCAT("s.",E64) -> s.Title | J64: =IF(AND(F63<>"Fixed", F64="Fixed"),_xlfn.CONCAT("' ",G64, " ", H64, " ", I64), IF(AND(F63="Fixed", F64="Fixed"),_xlfn.CONCAT("and ", G64, " ", H64, " ", I64), IF(AND(F63="Fixed", F64=1),_xlfn.CONCAT( "and ( ",G64, " ", H64, " ", I64), IF(AND(F63=1, F64=1,F65 = 1),_xlfn.CONCAT( "or ",G64, " ", H64, " ", I64), IF(AND(F63=1, F64=1,F65 <> 1),_xlfn.CONCAT( "or ",G64, " ", H64, " ", I64, " ) '") ))))) -> and ( d.Title <> s.Title | L64: FirstName | M64: =_xlfn.XLOOKUP(L64,$A$62:$A$75,$B$62:$B$75,"",0) -> 2 | N64: =_xlfn.CONCAT("d.",L64) -> d.FirstName | O64: =IF(M64="Fixed","=","<>") -> <> | P64: =_xlfn.CONCAT("s.",L64) -> s.FirstName | Q64: =IF(AND(M63<>"Fixed", M64="Fixed"),_xlfn.CONCAT("' ",N64, " ", O64, " ", P64), IF(AND(M63="Fixed", M64="Fixed"),_xlfn.CONCAT("and ", N64, " ", O64, " ", P64), IF(AND(M63="Fixed", M64=2),_xlfn.CONCAT( "and ( ",N64, " ", O64, " ", P64), IF(AND(M63=2, M64=2,M65 = 2),_xlfn.CONCAT( "or ",N64, " ", O64, " ", P64), IF(AND(M63=2, M64=2,M65 <> 2),_xlfn.CONCAT( "or ",N64, " ", O64, " ", P64, " ) '") ))))) -> and ( d.FirstName <> s.FirstName | R64: [Title] [nvarchar](16) NULL,
A65: FirstName | B65: 2 | C65: =_xlfn.CONCAT(",",A65) -> ,FirstName | D65: =_xlfn.CONCAT(",s.",A65) -> ,s.FirstName | E65: OrganizationLevel | F65: =_xlfn.XLOOKUP(E65,$A$62:$A$75,$B$62:$B$75,"",0) -> 1 | G65: =_xlfn.CONCAT("d.",E65) -> d.OrganizationLevel | H65: =IF(F65="Fixed","=","<>") -> <> | I65: =_xlfn.CONCAT("s.",E65) -> s.OrganizationLevel | J65: =IF(AND(F64<>"Fixed", F65="Fixed"),_xlfn.CONCAT("' ",G65, " ", H65, " ", I65), IF(AND(F64="Fixed", F65="Fixed"),_xlfn.CONCAT("and ", G65, " ", H65, " ", I65), IF(AND(F64="Fixed", F65=1),_xlfn.CONCAT( "and ( ",G65, " ", H65, " ", I65), IF(AND(F64=1, F65=1,F66 = 1),_xlfn.CONCAT( "or ",G65, " ", H65, " ", I65), IF(AND(F64=1, F65=1,F66 <> 1),_xlfn.CONCAT( "or ",G65, " ", H65, " ", I65, " ) '") ))))) -> or d.OrganizationLevel <> s.OrganizationLevel | L65: MiddleName | M65: =_xlfn.XLOOKUP(L65,$A$62:$A$75,$B$62:$B$75,"",0) -> 2 | N65: =_xlfn.CONCAT("d.",L65) -> d.MiddleName | O65: =IF(M65="Fixed","=","<>") -> <> | P65: =_xlfn.CONCAT("s.",L65) -> s.MiddleName | Q65: =IF(AND(M64<>"Fixed", M65="Fixed"),_xlfn.CONCAT("' ",N65, " ", O65, " ", P65), IF(AND(M64="Fixed", M65="Fixed"),_xlfn.CONCAT("and ", N65, " ", O65, " ", P65), IF(AND(M64="Fixed", M65=2),_xlfn.CONCAT( "and ( ",N65, " ", O65, " ", P65), IF(AND(M64=2, M65=2,M66 = 2),_xlfn.CONCAT( "or ",N65, " ", O65, " ", P65), IF(AND(M64=2, M65=2,M66 <> 2),_xlfn.CONCAT( "or ",N65, " ", O65, " ", P65, " ) '") ))))) -> or d.MiddleName <> s.MiddleName | R65: [FirstName] [nvarchar](100) NULL,
A66: MiddleName | B66: 2 | C66: =_xlfn.CONCAT(",",A66) -> ,MiddleName | D66: =_xlfn.CONCAT(",s.",A66) -> ,s.MiddleName | E66: JobTitle | F66: =_xlfn.XLOOKUP(E66,$A$62:$A$75,$B$62:$B$75,"",0) -> 1 | G66: =_xlfn.CONCAT("d.",E66) -> d.JobTitle | H66: =IF(F66="Fixed","=","<>") -> <> | I66: =_xlfn.CONCAT("s.",E66) -> s.JobTitle | J66: =IF(AND(F65<>"Fixed", F66="Fixed"),_xlfn.CONCAT("' ",G66, " ", H66, " ", I66), IF(AND(F65="Fixed", F66="Fixed"),_xlfn.CONCAT("and ", G66, " ", H66, " ", I66), IF(AND(F65="Fixed", F66=1),_xlfn.CONCAT( "and ( ",G66, " ", H66, " ", I66), IF(AND(F65=1, F66=1,F67 = 1),_xlfn.CONCAT( "or ",G66, " ", H66, " ", I66), IF(AND(F65=1, F66=1,F67 <> 1),_xlfn.CONCAT( "or ",G66, " ", H66, " ", I66, " ) '") ))))) -> or d.JobTitle <> s.JobTitle | L66: LastName | M66: =_xlfn.XLOOKUP(L66,$A$62:$A$75,$B$62:$B$75,"",0) -> 2 | N66: =_xlfn.CONCAT("d.",L66) -> d.LastName | O66: =IF(M66="Fixed","=","<>") -> <> | P66: =_xlfn.CONCAT("s.",L66) -> s.LastName | Q66: =IF(AND(M65<>"Fixed", M66="Fixed"),_xlfn.CONCAT("' ",N66, " ", O66, " ", P66), IF(AND(M65="Fixed", M66="Fixed"),_xlfn.CONCAT("and ", N66, " ", O66, " ", P66), IF(AND(M65="Fixed", M66=2),_xlfn.CONCAT( "and ( ",N66, " ", O66, " ", P66), IF(AND(M65=2, M66=2,M67 = 2),_xlfn.CONCAT( "or ",N66, " ", O66, " ", P66), IF(AND(M65=2, M66=2,M67 <> 2),_xlfn.CONCAT( "or ",N66, " ", O66, " ", P66, " ) '") ))))) -> or d.LastName <> s.LastName | R66: [MiddleName] [nvarchar](100) NULL,
A67: LastName | B67: 2 | C67: =_xlfn.CONCAT(",",A67) -> ,LastName | D67: =_xlfn.CONCAT(",s.",A67) -> ,s.LastName | E67: TerritoryID | F67: =_xlfn.XLOOKUP(E67,$A$62:$A$75,$B$62:$B$75,"",0) -> 1 | G67: =_xlfn.CONCAT("d.",E67) -> d.TerritoryID | H67: =IF(F67="Fixed","=","<>") -> <> | I67: =_xlfn.CONCAT("s.",E67) -> s.TerritoryID | J67: =IF(AND(F66<>"Fixed", F67="Fixed"),_xlfn.CONCAT("' ",G67, " ", H67, " ", I67), IF(AND(F66="Fixed", F67="Fixed"),_xlfn.CONCAT("and ", G67, " ", H67, " ", I67), IF(AND(F66="Fixed", F67=1),_xlfn.CONCAT( "and ( ",G67, " ", H67, " ", I67), IF(AND(F66=1, F67=1,F68 = 1),_xlfn.CONCAT( "or ",G67, " ", H67, " ", I67), IF(AND(F66=1, F67=1,F68 <> 1),_xlfn.CONCAT( "or ",G67, " ", H67, " ", I67, " ) '") ))))) -> or d.TerritoryID <> s.TerritoryID ) ' | L67: SalesQuota | M67: =_xlfn.XLOOKUP(L67,$A$62:$A$75,$B$62:$B$75,"",0) -> 2 | N67: =_xlfn.CONCAT("d.",L67) -> d.SalesQuota | O67: =IF(M67="Fixed","=","<>") -> <> | P67: =_xlfn.CONCAT("s.",L67) -> s.SalesQuota | Q67: =IF(AND(M66<>"Fixed", M67="Fixed"),_xlfn.CONCAT("' ",N67, " ", O67, " ", P67), IF(AND(M66="Fixed", M67="Fixed"),_xlfn.CONCAT("and ", N67, " ", O67, " ", P67), IF(AND(M66="Fixed", M67=2),_xlfn.CONCAT( "and ( ",N67, " ", O67, " ", P67), IF(AND(M66=2, M67=2,M68 = 2),_xlfn.CONCAT( "or ",N67, " ", O67, " ", P67), IF(AND(M66=2, M67=2,M68 <> 2),_xlfn.CONCAT( "or ",N67, " ", O67, " ", P67, " ) '") ))))) -> or d.SalesQuota <> s.SalesQuota | R67: [LastName] [nvarchar](100) NULL,
A68: OrganizationLevel | B68: 1 | C68: =_xlfn.CONCAT(",",A68) -> ,OrganizationLevel | D68: =_xlfn.CONCAT(",s.",A68) -> ,s.OrganizationLevel | L68: Bonus | M68: =_xlfn.XLOOKUP(L68,$A$62:$A$75,$B$62:$B$75,"",0) -> 2 | N68: =_xlfn.CONCAT("d.",L68) -> d.Bonus | O68: =IF(M68="Fixed","=","<>") -> <> | P68: =_xlfn.CONCAT("s.",L68) -> s.Bonus | Q68: =IF(AND(M67<>"Fixed", M68="Fixed"),_xlfn.CONCAT("' ",N68, " ", O68, " ", P68), IF(AND(M67="Fixed", M68="Fixed"),_xlfn.CONCAT("and ", N68, " ", O68, " ", P68), IF(AND(M67="Fixed", M68=2),_xlfn.CONCAT( "and ( ",N68, " ", O68, " ", P68), IF(AND(M67=2, M68=2,M69 = 2),_xlfn.CONCAT( "or ",N68, " ", O68, " ", P68), IF(AND(M67=2, M68=2,M69 <> 2),_xlfn.CONCAT( "or ",N68, " ", O68, " ", P68, " ) '") ))))) -> or d.Bonus <> s.Bonus | R68: [OrganizationLevel] [smallint] NULL,
A69: JobTitle | B69: 1 | C69: =_xlfn.CONCAT(",",A69) -> ,JobTitle | D69: =_xlfn.CONCAT(",s.",A69) -> ,s.JobTitle | L69: CommissionPct | M69: =_xlfn.XLOOKUP(L69,$A$62:$A$75,$B$62:$B$75,"",0) -> 2 | N69: =_xlfn.CONCAT("d.",L69) -> d.CommissionPct | O69: =IF(M69="Fixed","=","<>") -> <> | P69: =_xlfn.CONCAT("s.",L69) -> s.CommissionPct | Q69: =IF(AND(M68<>"Fixed", M69="Fixed"),_xlfn.CONCAT("' ",N69, " ", O69, " ", P69), IF(AND(M68="Fixed", M69="Fixed"),_xlfn.CONCAT("and ", N69, " ", O69, " ", P69), IF(AND(M68="Fixed", M69=2),_xlfn.CONCAT( "and ( ",N69, " ", O69, " ", P69), IF(AND(M68=2, M69=2,M70 = 2),_xlfn.CONCAT( "or ",N69, " ", O69, " ", P69), IF(AND(M68=2, M69=2,M70 <> 2),_xlfn.CONCAT( "or ",N69, " ", O69, " ", P69, " ) '") ))))) -> or d.CommissionPct <> s.CommissionPct ) ' | R69: [JobTitle] [nvarchar](100) NULL,
A70: SalesQuota | B70: 2 | C70: =_xlfn.CONCAT(",",A70) -> ,SalesQuota | D70: =_xlfn.CONCAT(",s.",A70) -> ,s.SalesQuota | R70: [SalesQuota] [money] NULL,
A71: Bonus | B71: 2 | C71: =_xlfn.CONCAT(",",A71) -> ,Bonus | D71: =_xlfn.CONCAT(",s.",A71) -> ,s.Bonus | R71: [Bonus] [money] NULL,
A72: CommissionPct | B72: 2 | C72: =_xlfn.CONCAT(",",A72) -> ,CommissionPct | D72: =_xlfn.CONCAT(",s.",A72) -> ,s.CommissionPct | R72: [CommissionPct] [smallmoney] NULL,
A73: TerritoryID | B73: 1 | C73: =_xlfn.CONCAT(",",A73) -> ,TerritoryID | D73: =_xlfn.CONCAT(",s.",A73) -> ,s.TerritoryID | R73: [TerritoryID] [int] NULL,
A74: ValidityDate_Start | C74: =_xlfn.CONCAT(",",A74) -> ,ValidityDate_Start | D74: =_xlfn.CONCAT(",s.",A74) -> ,s.ValidityDate_Start | R74: [ValidityDate_Start] [datetime] NULL,
A75: ValidityDate_End | C75: =_xlfn.CONCAT(",",A75) -> ,ValidityDate_End | D75: =_xlfn.CONCAT(",s.",A75) -> ,s.ValidityDate_End | R75: [ValidityDate_End] [datetime] NULL,
A76: Sales | C76: Sales | E76: Sales | L76: Sales | R76: Sales
A77: SalesOrderNumber | B77: Fixed | R77: [SalesOrderNumber] [nvarchar](50) NOT NULL,
A78: SalesOrderID | B78: Fixed | R78: [SalesOrderID] [int] NULL,
A79: SalesOrderDetailID | B79: Fixed | R79: [SalesOrderDetailID] [int] NULL,
A80: ProductID | B80: Fixed | R80: [ProductID] [int] NULL,
A81: CustomerID | B81: Fixed | R81: [CustomerID] [int] NULL,
A82: SalesPersonID | B82: Fixed | R82: [SalesPersonID] [int] NULL,
A83: SpecialOfferID | B83: Fixed | R83: [SpecialOfferID] [int] NULL,
A84: TerritoryID | B84: Fixed | R84: [TerritoryID] [int] NULL,
A85: ShipToAddressID | B85: Fixed | R85: [ShipToAddressID] [int] NULL,
A86: CurrencyRateID | B86: Fixed | R86: [CurrencyRateID] [int] NULL,
A87: OrderDate | B87: Fixed | R87: [OrderDate] [datetime] NULL,
A88: DueDate | B88: Fixed | R88: [DueDate] [datetime] NULL,
... A100: LastModifiedDate | B100: Fixed | R100: [LastModifiedDate] [datetime] NULL,
